SampleSiteID,SampleSiteCode,Site_Veg,Needles,d13C,N_weight_percent,C_weight_percent,CN,Bare,NPV,PV,LMA_gm2,LWA_gm2,LWC_per
1,001-ER18,Meadow,FALSE,-25.97,3.35,45.94,15.99200231,0,10,90,68.59816803,123.5159988,64.07606988
2,002-ER18,Meadow,FALSE,-26.57,4.53,45.98,11.83661235,0,30,70,58.94550655,178.0446089,74.62799486
3,003-ER18,Meadow,FALSE,-26.38,3.28,45.77,16.27285403,0,20,80,77.52560222,256.2213711,75.70900103
4,004-ER18,Meadow,FALSE,-25.8,4.02,46.8,13.57614475,5,10,85,74.14204982,268.2686772,78.22654697
5,005-ER18,Meadow,FALSE,-25.67,4.35,47.03,12.60788915,0,7,93,42.97138927,146.6074472,77.36581935
6,006-ER18,Meadow,FALSE,-25.61,5.17,46.75,10.54502787,0,10,90,53.93192788,142.5668504,72.18857886
7,007-ER18,Meadow,FALSE,-26.14,4,46.59,13.58280229,5,40,55,128.752474,275.0512852,68.87303845
8,008-ER18,Meadow,FALSE,-26.07,4.53,46.67,12.01423877,0,15,85,50.108884,146.9745896,74.55798013
9,009-ER18,Meadow,FALSE,-24.07,3.8,46.33,14.21789699,0,0,100,51.34400559,193.7679793,79.0641401
10,010-ER18,Meadow,FALSE,-26.4,2.94,43.21,17.13932033,10,25,65,90.85048376,227.5575385,71.20170863
11,011-ER18,Meadow,FALSE,-26.74,2.64,47.21,20.85387344,0,20,80,90.71390673,190.1676736,66.86423531
12,012-ER18,Meadow,FALSE,-26.99,3.47,46.1,15.49273565,0,5,95,64.49238118,128.8829859,66.64912281
13,013-ER18,Meadow,FALSE,-26.28,3.14,44.58,16.55644444,5,10,85,97.74891627,249.8496134,71.02628918
14,014-ER18,Meadow,FALSE,-26.6,2.53,48.47,22.34133694,0,30,70,98.31415855,166.7202979,62.8531028
15,015-ER18,Meadow,FALSE,-26.25,4.02,45.73,13.26574999,5,10,85,94.87841631,342.3037986,77.34091188
16,016-ER18,Meadow,FALSE,-26.34,3.36,44.73,15.52445206,5,15,80,119.3516161,116.2093073,35.41433078
17,017-ER18,Meadow,FALSE,-25.62,4.06,46.88,13.46536808,0,5,95,58.37851734,72.77968832,55.49
18,018-ER18,Meadow,FALSE,-26.2,2.81,46.06,19.11499874,0,10,90,90.28537878,316.4678427,76.69560132
19,019-ER18,Meadow,FALSE,-26.46,3.92,45.75,13.61011176,0,20,80,98.99971206,296.421712,73.19501504
20,020-ER18,Engelmann,TRUE,-24.2,0.79,46.54,68.69987511,0,0,100,412.8874434,316.0879256,43.36057692
21,021-ER18,wolfii,FALSE,-24.61,3.66,46.82,14.91787569,0,0,100,54.34690922,107.1272778,66.34328358
22,022-ER18,boothii,FALSE,-24.95,3.62,49.68,16.00404178,0,0,100,63.86633771,127.5238861,66.63030303
23,023-ER18,wolfii,FALSE,-26.12,2.87,46.25,18.792584,0,0,100,67.97775521,115.4704597,62.94444444
24,024-ER18,boothii,FALSE,-25.19,4.08,48.15,13.76235601,0,0,100,63.01427621,123.6458903,66.24117647
25,025-ER18,PotFru,FALSE,-25.01,2.81,42.06,17.45499016,0,0,100,74.04983518,110.7717665,59.93442623
26,026-ER18,Sage,FALSE,-25.48,2.2,47.13,24.98224245,0,0,100,125.0272666,199.5115956,61.47540984
27,027-ER18,wolfii,FALSE,-25.36,3.07,46.62,17.70885792,0,0,100,63.65610089,109.4884935,63.23529412
28,028-ER18,brachy,FALSE,-24.51,4.08,44.15,12.6190658,0,0,100,64.91703079,135.355384,67.58563536
29,029-ER18,wolfii,FALSE,-25.38,3.04,45.97,17.63427382,0,0,100,64.63701197,110.057615,63
30,030-ER18,PotFru,FALSE,-24.23,2.47,42.7,20.15986324,0,0,100,84.51217693,117.1018399,58.08219178
31,031-ER18,Engelmann,TRUE,-25.28,0.9,47.7,61.80626925,0,0,100,355.7903848,318.6424785,47.2459893
32,032-ER18,Engelmann,TRUE,-25.22,0.77,47.65,72.16536952,0,0,100,437.0482681,324.731721,42.62801932
33,033-ER18,Aspen,FALSE,-24.35,3.47,51.02,17.1461903,0,0,100,72.99092581,104.1715155,58.8
34,034-ER18,Aspen,FALSE,-24.52,3.09,51.07,19.27365312,0,0,100,78.57896225,120.6252879,60.55357143
35,035-ER18,Engelmann,TRUE,-24.72,0.99,48.04,56.58801553,0,0,100,338.8003928,292.504687,46.33333333
36,036-ER18,Engelmann,TRUE,-25.13,0.87,47.96,64.28602631,0,0,100,375.595421,311.0594653,45.3006993
37,037-ER18,Aspen,FALSE,-25.12,3.26,50.13,17.93233174,0,0,100,71.51650189,114.7273458,61.60060976
38,038-ER18,Engelmann,TRUE,-24.62,0.82,47.98,68.2343488,0,0,100,415.2131135,391.2496486,48.51428571
39,039-ER18,Engelmann,TRUE,-26.08,0.94,49.96,61.97995207,0,0,100,310.3831205,355.9133815,53.41666667
40,040-ER18,Engelmann,TRUE,-25.64,1.06,48.76,53.64317709,0,0,100,310.5806671,280.2604312,47.43414634
41,041-ER18,Engelmann,TRUE,-24.49,0.67,44.71,77.81915794,0,0,100,364.2839224,314.110967,46.30208333
42,042-ER18,Aspen,FALSE,-24.55,2.53,47.18,21.74673565,0,0,100,83.00397158,133.0591724,61.58346582
43,043-ER18,Lodgepole,TRUE,-26.11,1.12,50.02,52.08136098,0,0,100,336.2219474,334.4033027,49.86440678
44,044-ER18,Meadow,FALSE,-24.65,3.52,46.62,15.44494143,0,5,95,48.03398985,232.3592518,82.8690629
45,045-ER18,Meadow,FALSE,-26.59,2.53,46.91,21.62228422,10,10,80,66.54248584,218.7022462,75.84866037
46,046-ER18,Meadow,FALSE,-25.41,3.87,46.35,13.96675238,0,5,95,48.03398985,232.3592518,82.8690629
47,047-ER18,Meadow,FALSE,-26.72,3.09,45.65,17.22816261,0,15,85,104.4575919,190.5115986,65.70629295
48,048-ER18,Meadow,FALSE,-26.53,3.39,44.51,15.31138779,5,10,85,91.31241895,284.7185747,73.40996567
49,049-ER18,Meadow,FALSE,-26.19,2.22,48.25,25.34550817,0,5,95,100.2874873,159.4355364,61.23187904
50,050-ER18,Meadow,FALSE,-26.54,2.02,48.44,27.96465237,0,5,95,99.91224768,168.5943383,61.6202477
51,051-ER18,Meadow,FALSE,-26.13,3.77,45.87,14.18874716,0,15,85,67.0887596,135.2740392,61.93382794
52,052-ER18,Meadow,FALSE,-25.15,2.73,44.05,18.81654683,0,5,95,98.33054412,142.0324487,58.62634564
53,053-ER18,Meadow,FALSE,-26.78,3.34,45.39,15.84785087,5,5,90,120.3126579,53.97755931,26.84502108
54,054-ER18,Meadow,FALSE,-26.14,3.85,43.71,13.23965709,5,5,90,60.02267626,191.2316938,73.34595138
55,055-ER18,boothii,FALSE,-25.86,3.45,47.82,16.16393654,0,0,100,78.93717445,127.2171986,61.70967742
56,056-ER18,boothii,FALSE,-25.86,3.28,50.01,17.78032401,0,0,100,80.0994668,111.182842,58.125
57,057-ER18,planifolia,FALSE,-25.05,2.94,41.59,16.49674457,0,0,100,74.91954896,100.0299472,57.17647059
58,058-ER18,boothii,FALSE,-27.04,3.19,45.46,16.61863725,0,0,100,60.24560323,114.7852022,65.58
59,059-ER18,DisInv,FALSE,-23.82,3.02,48.02,18.54265306,0,0,100,53.56628445,119.538405,69.05555556
60,060-ER18,PotFru,FALSE,-25.8,2.48,43.31,20.36541024,0,0,100,94.5591198,129.2895856,57.75757576
61,061-ER18,Snowberry,FALSE,-23.11,3.71,47.86,15.04372703,0,0,100,62.67824677,107.6750012,63.20689655
62,062-ER18,boothii,FALSE,-25.78,3.03,48.8,18.78165477,0,0,100,72.97548029,128.5395688,63.78658537
63,063-ER18,Snowberry,FALSE,-24.65,2.52,48.38,22.38834461,0,0,100,74.44595361,114.6777161,60.63636364
64,064-ER18,Snowberry,FALSE,-24.76,2.83,49.06,20.2161182,0,0,100,66.9175034,105.5717134,61.20481928
65,065-ER18,Meadow,FALSE,-24.88,4.05,46.61,13.42087216,0,10,90,67.69228896,240.2074443,78.01482702
66,066-ER18,Meadow,FALSE,-25.43,4.03,46.41,13.42960324,5,20,75,73.40073058,141.8580307,63.36487498
67,067-ER18,Meadow,FALSE,-25.64,4.1,45.7,12.99837324,0,20,80,57.08140786,206.7464157,76.66202571
68,068-ER18,Meadow,FALSE,-26.89,3.25,45.53,16.33694885,0,25,75,57.84016342,184.4285335,74.613815
69,069-ER18,Meadow,FALSE,-25.22,4.96,46.38,10.90449927,0,20,80,52.02787061,183.6643954,75.64739833
70,070-ER18,Meadow,FALSE,-27.51,3.03,44.48,17.11901648,5,5,90,51.90399053,165.3717078,75.2748585
71,071-ER18,Meadow,FALSE,-25.39,3.95,47,13.87578053,0,0,100,58.62706054,165.888211,73.88727273
72,072-ER18,Meadow,FALSE,-25.96,3.12,45.8,17.1185724,15,0,85,58.62706054,165.888211,73.88727273
73,073-ER18,Meadow,FALSE,-25.67,3.74,45.78,14.27449806,0,10,90,64.28334169,280.8331698,77.89015096
74,074-ER18,Meadow,FALSE,-24.75,3.15,44.98,16.6519676,0,0,100,64.06619759,210.479751,76.3638053
75,075-ER18,Meadow,FALSE,-26.38,3.11,44.44,16.66365714,0,20,80,61.05536605,219.1496538,76.66978312
76,076-ER18,Meadow,FALSE,-26.36,3.5,45.49,15.15669643,5,30,65,60.66847023,235.2486382,77.64009386
77,077-ER18,Meadow,FALSE,-25.26,4.4,46.6,12.35065243,5,15,80,53.57463492,188.3082867,75.65431222
78,078-ER18,Meadow,FALSE,-25.27,3.29,45.43,16.10287786,0,0,100,64.83749691,244.9081491,78.13459485
79,079-ER18,Meadow,FALSE,-24.44,3.4,45.9,15.74310632,0,0,100,67.69228896,240.2074443,78.01482702
80,080-ER18,Meadow,FALSE,-25.29,3.61,45.79,14.79176851,0,10,90,47.51795881,159.7559448,76.61576785
81,081-ER18,Meadow,FALSE,-25.39,3.56,45.99,15.06503245,5,15,80,45.97093018,156.389631,76.6757901
82,082-ER18,Meadow,FALSE,-25.01,4.24,46.07,12.67094529,5,40,55,46.14917538,142.7266102,75.00666191
83,083-ER18,Meadow,FALSE,-25.81,3.76,46.59,14.44978967,0,0,100,58.90144633,173.3822891,74.15099809
84,084-ER18,Meadow,FALSE,-25,3.55,45.76,15.03191539,0,10,90,66.18141756,227.8209054,77.3269013
85,085-ER18,Elderberry,FALSE,-25.14,4.44,47.69,12.52567134,0,0,100,40.74664167,139.1871803,77.35465116
86,086-ER18,boothii,FALSE,-26.8,4.2,48.73,13.53018644,0,0,100,56.8828757,119.7571915,67.7972973
87,087-ER18,Elderberry,FALSE,-26.72,4.89,48.58,11.58524737,0,0,100,39.81663605,139.6429212,77.81303116
88,088-ER18,glauca,FALSE,-28.56,3.08,46.63,17.65514785,0,0,100,53.13026798,111.4206377,67.71195652
89,089-ER18,boothii,FALSE,-26.69,3.26,49.6,17.74274195,0,0,100,61.48165514,145.6062205,70.31132075
90,090-ER18,glauca,FALSE,-27.19,3.53,46.45,15.34502756,0,0,100,63.47959044,134.3911687,67.91866029
91,091-ER18,boothii,FALSE,-26.92,3.02,49.94,19.28405027,0,0,100,52.6724596,131.3649821,71.37948718
92,092-ER18,boothii,FALSE,-27.5,2.82,49.68,20.54419548,0,0,100,66.56353435,133.8690013,66.79005525
93,093-ER18,brachy,FALSE,-25.91,3.11,46.32,17.36860033,0,0,100,65.46013362,136.5264248,67.59183673
94,094-ER18,Juniper,TRUE,-25.23,1.37,50.64,43.10521244,0,0,100,197.1928747,178.3042323,47.48484848
95,095-ER18,Engelmann,TRUE,-25.94,0.77,47.78,72.362253,0,0,100,427.7297885,295.5617936,40.86343612
96,096-ER18,Engelmann,TRUE,-26.72,0.93,51.14,64.12604199,0,0,100,323.8239879,262.9595752,44.81372549
97,097-ER18,Aspen,FALSE,-26.21,2.82,49.35,20.40773041,0,0,100,73.48921922,143.7065434,66.16452442
98,098-ER18,Lodgepole,TRUE,-27.13,0.84,50.08,69.5251115,0,0,100,304.6731498,285.0762681,48.33854167
99,099-ER18,Lodgepole,TRUE,-25.88,1.09,52.22,55.86850234,0,0,100,352.8895575,361.6647863,50.61403509
100,100-ER18,Lodgepole,TRUE,-25.84,1.02,50.39,57.61039415,0,0,100,318.9915429,340.7841334,51.65151515
101,101-ER18,Lodgepole,TRUE,-25.84,1.08,52.38,56.55856715,0,0,100,362.5402986,339.2768767,48.34262948
102,102-ER18,Aspen,FALSE,-24.9,2.88,50.26,20.35104227,0,0,100,73.27313957,141.7365001,65.92099792
103,103-ER18,Aspen,FALSE,-24.88,3.36,49.13,17.05156114,0,0,100,72.41073409,134.8137059,65.05685619
104,104-ER18,wolfii,FALSE,-25.76,3.15,45.7,16.91851755,0,0,100,68.66528707,139.7456896,67.05294118
105,105-ER18,wolfii,FALSE,-27.34,2.95,47.31,18.70198016,0,0,100,63.93121269,111.0920177,63.47272727
106,106-ER18,boothii,FALSE,-26.66,3.25,48.03,17.23399194,0,0,100,69.23102526,137.8703324,66.57142857
107,107-ER18,boothii,FALSE,-26.01,3.88,50.68,15.23216167,0,0,100,49.50427401,121.9283437,71.12318841
108,108-ER18,boothii,FALSE,-25.5,3.24,50.33,18.11501008,0,0,100,63.94937286,128.1981965,66.71861472
109,109-ER18,wolfii,FALSE,-26.75,2.71,46.78,20.13017667,0,0,100,66.04774733,99.69004559,60.14925373
110,110-ER18,brachy,FALSE,-28.14,3.02,45.4,17.53095479,0,0,100,57.26468599,112.0844637,66.18543046
111,111-ER18,drumm,FALSE,-27.12,3.54,48.86,16.09558851,0,0,100,62.99000073,120.4088294,65.65408805
112,112-ER18,PotFru,FALSE,-24.78,2.81,42.47,17.62514104,0,0,100,72.41261069,103.071989,58.73563218
113,113-ER18,PotFru,FALSE,-25.7,2.95,42.81,16.92309809,0,0,100,71.38046395,105.2765234,59.59375
114,114-ER18,Engelmann,TRUE,-25.75,0.83,43.76,61.48311758,0,0,100,432.171847,321.9698506,42.69354839
115,115-ER18,Engelmann,TRUE,-24.39,0.79,44.55,65.76234285,0,0,100,386.6203048,239.4972422,38.25116279
116,116-ER18,Engelmann,TRUE,-26.18,0.83,45.96,64.57413355,0,0,100,396.8055463,293.65865,42.53061224
117,117-ER18,Engelmann,TRUE,-26.67,0.81,45.23,65.11757648,0,0,100,476.6638445,369.9993952,43.70089286
118,118-ER18,Aspen,FALSE,-26.19,3.4,49.51,16.98128963,0,0,100,61.45439013,105.2715569,63.14047619
119,119-ER18,Engelmann,TRUE,-24.93,0.88,44.68,59.20892175,0,0,100,427.2310381,299.4275109,41.20608108
120,120-ER18,SubFir,TRUE,-26.14,1.23,47.91,45.42319926,0,0,100,290.6961468,267.6401424,47.93529412
121,121-ER18,Engelmann,TRUE,-24.34,1.03,47.14,53.37145141,0,0,100,443.0448278,354.0147742,44.41509434
122,122-ER18,Aspen,FALSE,-26.23,3.13,49.96,18.61378752,0,0,100,69.3186985,109.3624116,61.20535714
123,123-ER18,Aspen,FALSE,-26.55,2.84,50.77,20.84709201,0,0,100,65.55467838,103.5376191,61.23142251
124,124-ER18,Engelmann,TRUE,-25.12,0.69,46.29,78.23385846,0,0,100,404.4751314,300.1567446,42.59766764
125,125-ER18,Engelmann,TRUE,-24.83,0.61,47.83,91.43810264,0,0,100,359.9391306,282.2979817,43.95541401
126,126-ER18,Engelmann,TRUE,-25.12,0.79,46.86,69.17224211,0,0,100,380.8375213,291.5970184,43.36437247
127,127-ER18,SubFir,TRUE,-26.55,0.81,48.62,69.99815539,0,0,100,309.8323999,270.7683879,46.63589744
128,128-ER18,Aspen,FALSE,-25.78,2.78,51.67,21.67456178,0,0,100,80.16365388,103.8474907,56.43543544
129,129-ER18,Aspen,FALSE,-25.82,2.81,47.13,19.55905103,0,0,100,84.77730217,126.2289804,59.82238011
130,130-ER18,Aspen,FALSE,-26.13,2.47,45.61,21.53375556,0,0,100,94.12326862,132.9696042,58.5529623
131,131-ER18,Engelmann,TRUE,-26,0.84,44.94,62.38934727,0,0,100,355.6477731,290.6311424,44.96992481
132,132-ER18,Aspen,FALSE,-25.74,2.75,48.09,20.39288843,0,0,100,70.12009102,100.7206897,58.95588235
133,133-ER18,Aspen,FALSE,-26.26,2.76,50.57,21.36685149,0,0,100,79.09669959,115.8317701,59.42270531
134,134-ER18,boothii,FALSE,-24.03,2.8,43.63,18.17120975,0,0,100,78.37661396,148.6653126,65.47923323
135,135-ER18,boothii,FALSE,-25.49,3.6,50.24,16.27435517,0,0,100,60.24953132,118.3334411,66.26244344
136,136-ER18,PotFru,FALSE,-26.22,2.59,43.25,19.47345483,0,0,100,74.36738749,102.864392,58.03947368
137,137-ER18,planifolia,FALSE,-25.63,3.24,44.79,16.12102725,0,0,100,70.23778069,114.2334838,61.92481203
138,138-ER18,Sage,FALSE,-25.33,2.53,48.14,22.18922964,0,0,100,96.25721343,127.5967713,57
139,139-ER18,Sage,FALSE,-25.33,2.43,48.78,23.4095024,0,0,100,86.35381726,165.127025,65.6618705
140,140-ER18,boothii,FALSE,-24.82,3.86,46.31,13.99085115,0,0,100,75.2093798,129.1110569,63.19047619
141,141-ER18,planifolia,FALSE,-25.03,3.14,49.26,18.29453686,0,0,100,87.33132901,125.778534,59.02051282
142,142-ER18,Willow,FALSE,-25.76,3.39,50.39,17.33410089,0,0,100,65.6052412,127.9708412,66.10880829
143,143-ER18,planifolia,FALSE,-24.37,3.42,48.17,16.42506891,0,0,100,78.17076103,120.1591572,60.58549223
144,144-ER18,Meadow,FALSE,-25.34,3.37,44.85,15.51991029,5,5,90,57.39050203,166.1351871,74.25106517
145,145-ER18,Meadow,FALSE,-26.49,3.89,45.73,13.7090784,15,5,80,52.26902828,160.9726656,75.81176378
146,146-ER18,Meadow,FALSE,-25.58,3.78,47.14,14.54301454,0,0,100,51.42637204,180.0723832,77.83418571
147,147-ER18,Meadow,FALSE,-24.72,3.69,46.95,14.83767624,0,5,95,51.81405186,178.05868,77.42532377
148,148-ER18,Meadow,FALSE,-25.92,3.88,43.97,13.21543308,0,10,90,58.1965038,175.0849279,74.83333182
149,149-ER18,Meadow,FALSE,-26.29,3.25,47.05,16.88235105,0,5,95,67.40589183,176.3566869,72.16152336
150,150-ER18,Meadow,FALSE,-26.41,3.51,46.02,15.2896012,0,5,95,55.86138556,176.4558764,75.67807182
151,151-ER18,Meadow,FALSE,-25.72,3.62,45.52,14.66392878,0,0,100,54.1445499,156.0063422,74.23393954
152,152-ER18,Meadow,FALSE,-26.3,3.78,45.72,14.10493476,0,5,95,64.2338059,174.22032,73.20014546
153,153-ER18,Meadow,FALSE,-26.4,3.9,46.46,13.8922074,0,5,95,61.04313528,224.83146,78.53527612
154,154-ER18,Meadow,FALSE,-24.88,3.68,44.98,14.25372227,0,0,100,51.05265159,181.4930431,78.03833744
155,155-ER18,Meadow,FALSE,-25.19,4.74,46.73,11.49672384,0,10,90,46.1098897,127.1337659,73.22886601
156,156-ER18,Meadow,FALSE,-25.92,3.45,45.68,15.44058179,0,15,85,76.60663964,218.7141808,74.01213637
157,157-ER18,Meadow,FALSE,-25.99,2.72,44.65,19.14296561,0,10,90,53.16535478,134.7836172,71.00647355
158,158-ER18,Meadow,FALSE,-25.69,3.79,46.54,14.32002674,0,0,100,53.94735753,193.2065093,78.11388628
159,159-ER18,Meadow,FALSE,-25.33,3.3,45.59,16.11062216,5,0,95,50.24035445,183.8444987,78.56268695
160,160-ER18,Meadow,FALSE,-25.29,3.37,46.12,15.95938155,0,5,95,59.13246551,172.4472883,74.41449148
161,161-ER18,Meadow,FALSE,-25.61,3.32,45.08,15.83443179,0,5,95,54.70667461,164.8803096,75.0461213
162,162-ER18,Meadow,FALSE,-26.31,3.64,45.51,14.58015402,10,5,85,53.17835731,150.8317974,73.57278727
163,163-ER18,Meadow,FALSE,-25.25,3.61,45.25,14.61732966,0,5,95,56.80221918,172.7054843,75.22820497
164,164-ER18,Meadow,FALSE,-25.96,2.68,42.34,18.42352464,0,5,95,98.90302789,340.346298,76.6734934
165,165-ER18,Meadow,FALSE,-27.43,3.25,43.84,15.73054772,0,10,90,90.98134868,312.6265326,76.2385009
166,166-ER18,Meadow,FALSE,-25.09,3.78,45.42,14.0123827,0,15,85,77.85638128,215.2421606,72.62847836
167,167-ER18,Meadow,FALSE,-26.09,2.49,44.55,20.86435777,5,10,85,100.6348874,262.2747093,71.97945644
168,168-ER18,Meadow,FALSE,-24.19,3.02,45.49,17.56570779,0,10,90,87.2825626,290.9650644,77.32563647
169,169-ER18,Meadow,FALSE,-25.35,3.5,45.23,15.0700677,0,0,100,76.97990106,276.2489418,78.01647984
170,170-ER18,Meadow,FALSE,-25.69,3.99,44.98,13.14629021,5,0,95,60.94192203,159.9842428,71.81577258
171,171-ER18,Meadow,FALSE,-26.09,3.92,43.9,13.05975751,0,10,90,174.2648972,249.9690471,59.44882435
172,172-ER18,Meadow,FALSE,-26.6,3.85,45.14,13.67280076,0,5,95,83.63252819,266.120904,75.41223357
173,173-ER18,Meadow,FALSE,-24.17,3.32,46.12,16.19973368,0,10,90,65.8582085,218.6160481,76.88030683
174,174-ER18,Meadow,FALSE,-27.2,2.8,44.82,18.66682606,10,10,80,101.9529217,393.6424883,79.3044564
175,175-ER18,Meadow,FALSE,-27.48,2.64,45.71,20.19128479,0,10,90,93.69764773,350.3313632,78.35459225
176,176-ER18,Meadow,FALSE,-26.45,3.28,46.75,16.62127869,0,5,95,182.5100489,256.2047581,58.52920587
177,177-ER18,Engelmann,TRUE,-26.39,0.73,46.83,74.80970765,0,0,100,356.9407706,277.906843,43.77536232
178,178-ER18,Engelmann,TRUE,-27.32,0.73,46.27,73.91512221,0,0,100,340.521577,272.8097937,44.48
179,179-ER18,Engelmann,TRUE,-26.32,0.83,44.58,62.63522354,0,0,100,360.3120429,259.5946228,41.87640449
180,180-ER18,Meadow,FALSE,-27.43,2.55,44.65,20.41916332,0,0,100,72.62755526,124.3144424,63.12236287
181,181-ER18,Engelmann,TRUE,NA,NA,NA,NA,0,0,100,338.2286246,269.591685,44.35384615
182,182-ER18,Meadow,FALSE,-27.17,2.45,44.95,21.39539317,0,0,100,76.82712406,306.9843312,79.98310811
183,183-ER18,Engelmann,TRUE,-26.13,0.85,45.37,62.2452927,0,0,100,401.0026984,296.5932785,42.51648352
184,184-ER18,Aspen,FALSE,-24.97,3.46,51.14,17.23619048,0,0,100,69.13113274,116.4382595,62.74647887
185,185-ER18,Aspen,FALSE,-25.47,3.31,48.57,17.11184232,0,0,100,64.32360058,114.4182258,64.01312336
186,186-ER18,Aspen,FALSE,-24.9,3.54,49.76,16.39206885,0,0,100,65.87257348,114.3407601,63.44744745
187,187-ER18,Engelmann,TRUE,-27.22,0.87,47.13,63.17348666,0,0,100,368.4241195,277.8410506,42.99180328
188,188-ER18,SubFir,TRUE,-27.28,1.11,47.85,50.27077994,0,0,100,266.6631017,214.6138866,44.59259259
189,189-ER18,PotFru,FALSE,-27.02,2.52,43.58,20.16709504,0,0,100,65.39189105,115.7573076,63.90163934
190,190-ER18,planifolia,FALSE,-26.71,2.89,45.93,18.53340698,0,0,100,69.33476021,111.174146,61.58928571
191,191-ER18,boothii,FALSE,-25.36,3.62,49.13,15.82686338,0,0,100,100.4300512,222.5534004,68.90551181
192,192-ER18,drumm,FALSE,-27.03,3.2,48.68,17.74014851,0,0,100,82.12310604,153.7238112,65.17948718
193,193-ER18,planifolia,FALSE,-25.68,2.47,39.36,18.58295591,0,0,100,69.77048873,102.309192,59.45454545
194,194-ER18,planifolia,FALSE,-27.11,2.52,41.67,19.28322282,0,0,100,77.77085669,119.8953532,60.65546218
195,195-ER18,planifolia,FALSE,-27.05,2.26,42.23,21.7906057,0,0,100,99.91472811,168.2479907,62.74100719
196,196-ER18,PotFru,FALSE,-26.91,2.31,45.45,22.94449839,0,0,100,70.38572773,95.79535068,57.64516129
197,197-ER18,boothii,FALSE,-26.14,3.5,45.7,15.22666579,0,0,100,63.83758092,134.1642209,67.75909091
198,198-ER18,PotFru,FALSE,-26.68,2.5,42.6,19.87129864,0,0,100,79.46117371,118.1152225,59.78205128
199,199-ER18,Meadow,FALSE,-26.85,3.46,44.93,15.14317634,20,10,70,61.50512243,178.5666153,73.65358004
200,200-ER18,Meadow,FALSE,-26.65,3.34,45.09,15.74310632,10,5,85,117.5787899,314.3963485,73.92206984
201,201-ER18,Meadow,FALSE,-26.48,2.59,49.1,22.10743659,5,5,90,103.1243332,248.1790263,69.21160895
202,202-ER18,Meadow,FALSE,-26.78,3.03,43.87,16.88424579,10,0,90,60.04216599,320.5495451,82.54611619
203,203-ER18,Meadow,FALSE,-26.09,3.41,42.33,14.47606583,0,10,90,92.77377342,507.1542701,84.50374072
204,204-ER18,Meadow,FALSE,-26.65,2.86,46.11,18.80120778,0,0,100,82.90848043,292.201521,77.95513632
205,205-ER18,Meadow,FALSE,-25.14,3.54,45.58,15.01508236,0,0,100,57.15840369,208.4835608,77.41045163
206,206-ER18,Meadow,FALSE,-25.35,3.8,44.16,13.55196053,0,5,95,63.87153144,173.3736897,71.60879961
207,207-ER18,Meadow,FALSE,-26.84,3.71,42.62,13.39664952,5,20,75,66.77444041,250.2140935,77.90422312
208,208-ER18,Meadow,FALSE,-26.29,3.52,45.32,15.0142588,5,5,90,62.29660723,157.2261029,70.55124909
209,209-ER18,Meadow,FALSE,-24.87,3.09,45.02,16.99040265,0,0,100,54.57876766,234.9821021,81.15119363
210,210-ER18,Meadow,FALSE,-26.6,3.01,46.18,17.89139042,0,5,95,79.03364707,272.9475165,76.24798707
211,211-ER18,Meadow,FALSE,-26.24,3.29,45.23,16.03198691,10,0,90,73.18935308,244.5682398,73.83977401
212,212-ER18,Meadow,FALSE,-26.1,3.18,45.52,16.69290006,5,25,70,51.42397393,162.8132159,75.94176568
213,213-ER18,Meadow,FALSE,-26.46,2.64,45.01,19.88207675,10,20,70,84.39931204,216.3042716,73.33136496
214,214-ER18,Meadow,FALSE,-26.21,2.95,45.38,17.93903741,15,5,80,136.3553568,261.3197779,67.17714588
215,215-ER18,Meadow,FALSE,-26.76,2.89,43.43,17.52462149,0,40,60,111.1708171,218.9369962,68.43829698
216,216-ER18,Meadow,FALSE,-26.22,3.75,44.89,13.95966504,0,30,70,49.97368691,139.9040986,72.78595025
217,217-ER18,Meadow,FALSE,-25.55,3.42,45.04,15.35779746,20,20,60,65.01074004,196.9538366,74.42550222
218,218-ER18,Meadow,FALSE,-25.84,3.29,43.98,15.58891852,0,15,85,70.67323183,169.1709216,71.08113924
219,219-ER18,Meadow,FALSE,-25.56,3.1,43.47,16.35251689,5,5,90,53.21464831,193.6767752,78.17406022
220,220-ER18,Meadow,FALSE,-26.16,3.48,44.01,14.74785247,5,10,85,67.1883068,245.1360153,77.75368021
221,221-ER18,Meadow,FALSE,-25.51,3.36,45.19,15.68410438,15,5,80,57.07393553,189.5768,75.77085843
222,222-ER18,Meadow,FALSE,-25.79,2.97,44.88,17.62191325,20,10,70,58.82038869,202.1068387,76.4249023
223,223-ER18,Meadow,FALSE,-26.08,3.63,45.49,14.61389463,5,0,95,54.85628725,198.2564803,78.26495523
224,224-ER18,Meadow,FALSE,-25.85,3.37,45.14,15.62026199,0,5,95,49.62038073,177.2358047,77.89034335
225,225-ER18,Meadow,FALSE,-26.05,2.7,45,19.43593373,0,0,100,48.07731983,168.3929567,77.36294754
226,226-ER18,Meadow,FALSE,-26.43,3.11,45.32,16.99363054,5,10,85,57.36643903,209.7953132,78.21150428
227,227-ER18,Meadow,FALSE,-25.54,3.45,47.03,15.89690371,0,10,90,50.19774735,159.2961717,75.31184466
228,228-ER18,Meadow,FALSE,-25.09,3.68,45.45,14.40266067,0,0,100,45.83550369,136.1829393,74.69570857
229,229-ER18,Meadow,FALSE,-25.98,3.44,44.27,15.00747883,20,0,80,65.73598334,212.7135924,75.36003941
230,230-ER18,Meadow,FALSE,-25.67,2.93,44.36,17.6555226,5,10,85,44.98733414,148.6424275,76.46881956
231,231-ER18,Meadow,FALSE,-26.09,2.88,44.17,17.88510818,10,0,90,44.72705301,160.8590992,78.24413146
232,232-ER18,Meadow,FALSE,-26.1,3.27,45.34,16.16927037,10,10,80,59.31802259,195.5410589,75.8586267
233,233-ER18,Meadow,FALSE,-25.66,2.99,45.45,17.7263516,15,5,80,54.43954898,152.8780034,72.89215627
234,234-ER18,Meadow,FALSE,-26.34,3.11,44.55,16.70490381,25,10,65,64.90665386,231.4493988,77.16147074
235,235-ER18,Meadow,FALSE,-26.3,3.27,45.88,16.36184659,20,10,70,50.8507424,151.687806,74.06318412
236,236-ER18,Meadow,FALSE,-25.7,3.08,45.26,17.13643559,0,0,100,47.34942673,171.9433921,78.28853286
237,237-ER18,Meadow,FALSE,-25.75,3.84,44.57,13.53530572,0,0,100,42.05169351,142.1444337,77.11202016
238,238-ER18,Meadow,FALSE,-25.85,4.34,46.69,12.54558174,0,0,100,50.72471818,286.7766344,84.40269426
239,239-ER18,Gooseberry,FALSE,-26.75,3.12,48.19,18.01187781,0,0,100,43.45861816,96.96023704,69.05072464
240,240-ER18,Elderberry,FALSE,-25.67,5.1,46.98,10.7423549,0,0,100,33.21520604,159.5469881,82.7688172
240,240-ER18,Elderberry,FALSE,-25.76,5.41,48.42,10.43720419,0,0,100,33.21520604,159.5469881,82.7688172
241,241-ER18,LigPor,FALSE,-25.12,3.29,41.79,14.81266268,0,0,100,56.39721847,177.6974043,75.90836653
242,242-ER18,Elderberry,FALSE,-26.19,5.52,48.23,10.189077,0,0,100,36.13091826,152.627996,80.85869565
243,243-ER18,glauca,FALSE,-26.91,2.96,45.95,18.10299638,0,0,100,70.94360931,128.8793862,64.49677419
244,244-ER18,CorCas,FALSE,-27.05,6.03,44.4,8.586621468,0,0,100,30.69567791,134.5398554,81.42307692
245,245-ER18,boothii,FALSE,-25.14,2.98,46.82,18.32195471,0,0,100,65.98501401,140.8442405,68.0968661
246,246-ER18,boothii,FALSE,-25.8,3.66,47.34,15.08355906,0,0,100,63.05098976,141.6260953,69.19489559
247,247-ER18,CorCas,FALSE,-26.33,6.08,47.73,9.15470839,0,0,100,31.15696067,110.6986474,78.03614458
248,248-ER18,boothii,FALSE,-25.13,3.42,46.34,15.80107314,0,0,100,64.89532337,150.2390058,69.83497537
249,249-ER18,Aspen,FALSE,-24.95,3.34,50.4,17.59708491,0,0,100,76.62598873,122.9158362,61.59903382
250,250-ER18,Aspen,FALSE,-25.5,3.09,47.21,17.81690158,0,0,100,78.40255399,119.5715247,60.39756592
251,251-ER18,SubFir,TRUE,-26.1,1.26,48.48,44.86924129,0,0,100,303.8566602,263.0925439,46.40495868
252,252-ER18,Engelmann,TRUE,-25.65,0.84,51.43,71.39929083,0,0,100,379.7209462,319.7542429,45.71345029
253,253-ER18,SubFir,TRUE,-25.06,1.09,45.77,48.96785431,0,0,100,301.4954261,257.2351964,46.03921569
254,254-ER18,SubFir,TRUE,-25.12,1.28,51.7,47.10177064,0,0,100,272.7765911,210.3889058,43.54385965
255,255-ER18,Engelmann,TRUE,-24.94,0.87,43.05,57.70461703,0,0,100,387.6073628,329.9209298,45.98019802
256,256-ER18,Aspen,FALSE,-25.95,3.27,51.91,18.5122811,0,0,100,64.2236734,116.4523088,64.45367412
257,257-ER18,Engelmann,TRUE,-24.55,0.73,48.67,77.74905982,0,0,100,362.5058351,279.8244795,43.56395349
258,258-ER18,Engelmann,TRUE,-25.26,0.88,44.81,59.38119479,0,0,100,337.5757189,237.0052689,41.24836601
259,259-ER18,Meadow,FALSE,-25.6,3.59,46.71,15.17302169,0,0,100,78.85825563,361.4520003,82.09029779
260,260-ER18,Meadow,FALSE,-26.08,3.01,40.55,15.710175,5,0,95,61.895125,180.0855872,73.7935986
261,261-ER18,Meadow,FALSE,-26.16,2.85,42.29,17.30411868,0,5,95,73.52196221,207.5550413,73.62079157
262,262-ER18,Meadow,FALSE,-26.25,3.21,46.97,17.06365995,0,0,100,69.59390388,348.0069666,83.11584558
263,263-ER18,Meadow,FALSE,-25.31,2.74,40.89,17.40296343,0,5,95,72.23549183,269.4034408,78.04910659
264,264-ER18,Meadow,FALSE,-26.32,2.86,45.16,18.41384826,0,10,90,70.42854326,270.4824947,78.26078424
265,265-ER18,Meadow,FALSE,-26.84,3.19,44.13,16.13243427,0,5,95,63.26101587,357.5395946,84.78880899
266,266-ER18,Meadow,FALSE,-26.27,4.35,49,13.13601038,0,10,90,40.88260593,194.2160525,82.57961214
267,267-ER18,Meadow,FALSE,-25.94,3.23,45.63,16.47421033,10,10,80,67.69379402,206.2766341,74.86092377
268,268-ER18,Meadow,FALSE,-26.25,2.77,41.15,17.32394237,5,5,90,59.86351336,237.5716884,78.50036977
269,269-ER18,Meadow,FALSE,-25.79,4.28,46.73,12.73235303,0,0,100,51.46521067,334.3309822,85.49438849
270,270-ER18,Meadow,FALSE,-26.02,3.85,44.24,13.40019285,5,5,90,52.22933365,157.3104448,72.76222806
271,271-ER18,Meadow,FALSE,-26.55,2.92,45.91,18.33500789,5,10,85,54.31676458,174.3999933,72.13181942
272,272-ER18,Meadow,FALSE,-24.71,4.41,47.89,12.66376689,0,5,95,44.07699946,206.4344531,82.37341314
273,273-ER18,Meadow,FALSE,-25.48,2.92,43.89,17.52828352,0,5,95,63.4090218,315.3762388,82.31500442
274,274-ER18,Meadow,FALSE,-25.08,4.26,45.76,12.52659616,0,5,95,40.46727757,177.1755699,81.2119627
275,275-ER18,Meadow,FALSE,-25.93,3.74,45.6,14.21837291,10,10,80,54.89819969,233.9035312,79.89190832
276,276-ER18,Meadow,FALSE,-25.95,2.97,47.06,18.47787962,0,0,100,69.65248835,333.0452782,82.44063297
277,277-ER18,Meadow,FALSE,-25.98,3.02,44.1,17.0289671,0,0,100,52.28556034,367.8390491,87.43565266
278,278-ER18,Meadow,FALSE,-24.93,4.17,44.31,12.39145645,0,5,95,45.29360542,212.8038275,82.42723667
279,279-ER18,Gooseberry,FALSE,-25.58,3.81,47.48,14.53256903,0,0,100,44.70122508,95.69521938,68.16071429
280,280-ER18,planifolia,FALSE,-26.47,4.15,50.78,14.26925371,0,0,100,57.17711208,109.5605173,65.70833333
281,281-ER18,wolfii,FALSE,-26.62,3.63,43.1,13.84609494,0,0,100,59.55292372,138.9797208,70.00346021
282,282-ER18,SubFir,TRUE,-26.2,1.34,46.58,40.53697581,0,0,100,240.3304098,230.4402695,48.94957983
283,283-ER18,planifolia,FALSE,-26.38,3.85,45.66,13.83030754,0,0,100,62.84884581,136.3838066,68.45454545
284,284-ER18,wolfii,FALSE,-26.2,3.39,48.01,16.51538369,0,0,100,62.32202101,129.6463719,67.53526971
285,285-ER18,CorCas,FALSE,-25.37,5.87,45.48,9.035225887,0,0,100,39.53735769,277.3409384,87.52285714
286,286-ER18,Elderberry,FALSE,-25.52,6.15,47.92,9.086536041,0,0,100,35.71036021,140.8536343,79.77483444
287,287-ER18,CorCas,FALSE,-26.55,5.4,43.38,9.368120057,0,0,100,27.21747082,103.6702347,79.20547945
288,288-ER18,DisInv,FALSE,-27.18,3.18,49.93,18.31011643,0,0,100,49.7060877,129.7193006,72.29707113
289,289-ER18,Engelmann,TRUE,-25.7,0.96,42.63,51.78461592,0,0,100,418.5083885,304.9525019,42.15189873
290,290-ER18,SubFir,TRUE,-25.32,1.21,54,52.04332668,0,0,100,316.2001204,264.8212322,45.57857143
291,291-ER18,Engelmann,TRUE,-24.93,0.73,47.32,75.59246992,0,0,100,405.7767383,310.0906172,43.31677019
292,292-ER18,Engelmann,TRUE,-25.34,1.1,49.16,52.11657284,0,0,100,396.9241161,336.2137138,45.85955056
293,293-ER18,Engelmann,TRUE,-24.67,1.03,45.36,51.35615265,0,0,100,395.9301304,294.6224713,42.66473988
294,294-ER18,Engelmann,TRUE,-24.8,0.88,46.34,61.40871606,0,0,100,420.0376662,348.9416174,45.37724551
295,295-ER18,Engelmann,TRUE,-24.99,0.65,48.03,86.16995972,0,0,100,395.5790198,262.4500005,39.88425926
296,296-ER18,Engelmann,TRUE,-24.73,0.81,46.4,66.80202407,0,0,100,370.4937379,281.4153565,43.16788321
297,297-ER18,Engelmann,TRUE,-24.45,0.75,51.11,79.46964582,0,0,100,409.1762516,278.7270633,40.51834862
298,298-ER18,Engelmann,TRUE,-24.77,0.9,52.26,67.71479311,0,0,100,375.1322582,274.1351117,42.22222222
299,299-ER18,Lodgepole,TRUE,-26.66,1.11,49.66,52.17234967,0,0,100,314.0151304,321.0716501,50.55555556
300,300-ER18,Lodgepole,TRUE,-27.8,1.11,51.42,54.02138985,0,0,100,277.7519356,313.5175365,53.02447552
301,301-ER18,Lodgepole,TRUE,-26.06,1.21,51.71,49.83630412,0,0,100,284.3539175,320.2064529,52.96517413
302,302-ER18,Engelmann,TRUE,-24.92,0.84,49.69,68.98368192,0,0,100,359.59238,327.1218197,47.63580247
303,303-ER18,Lodgepole,TRUE,-26.18,0.99,47.29,55.704564,0,0,100,292.9942436,311.5206708,51.53233831
304,304-ER18,Lodgepole,TRUE,-26.1,1.58,51.54,38.04030472,0,0,100,243.7269149,299.6225455,55.14361702
305,305-ER18,Lodgepole,TRUE,-27.24,1.22,47.72,45.61390611,0,0,100,317.4718637,363.3861338,53.37179487
306,306-ER18,Aspen,FALSE,-27.23,2.38,49.07,24.04339331,0,0,100,76.138132,98.68211625,56.44776119
307,307-ER18,Engelmann,TRUE,-28.94,0.63,48.41,89.60890969,0,0,100,371.1306001,300.8916245,44.77405858
308,308-ER18,Aspen,FALSE,-25.67,2.17,44.04,23.66705589,0,0,100,103.8071016,121.6696913,53.96107056
309,309-ER18,wolfii,FALSE,-27.07,3.07,47.02,17.86080008,0,0,100,65.96194869,108.0202554,62.08695652
310,310-ER18,brachy,FALSE,-26.07,3.15,50.84,18.82138801,0,0,100,88.0476612,108.7576338,55.26153846
311,311-ER18,Willow,FALSE,-26.61,2.23,43.92,22.96752133,0,0,100,85.67039788,113.7185141,57.03351955
312,312-ER18,PotFru,FALSE,-26.91,2.57,46.93,21.29482575,0,0,100,90.57631086,109.7856127,54.79365079
313,313-ER18,boothii,FALSE,-27.2,2.71,51.85,22.31187816,0,0,100,66.46699145,126.9647324,65.63800905
314,314-ER18,wolfii,FALSE,-27.39,2.34,44.44,22.1469973,0,0,100,81.1119,108.7821803,57.28571429
315,315-ER18,wolfii,FALSE,-25.99,2.96,47.63,18.76486872,0,0,100,79.46790523,113.0395812,58.71957672
316,316-ER18,Willow,FALSE,-26.91,2.71,49.62,21.35227376,0,0,100,88.34570849,113.5597379,56.24401914
317,317-ER18,Willow,FALSE,-27.07,2.57,44.56,20.21942117,0,0,100,82.39218788,112.3505583,57.69178082
318,318-ER18,wolfii,FALSE,-26.88,2.93,46.76,18.61073572,0,0,100,70.80784427,109.2514268,60.67525773
319,319-ER18,Engelmann,TRUE,-26.98,1.3,46.33,41.5600066,0,0,100,439.8240449,309.8035338,41.32765957
320,320-ER18,Engelmann,TRUE,-25.68,1.12,44.08,45.89656922,0,0,100,332.9516102,269.4700111,44.73113208
321,321-ER18,Aspen,FALSE,-25.77,2.78,53.69,22.52191256,0,0,100,83.58148977,111.5220662,57.16044776
322,322-ER18,Aspen,FALSE,-25.27,2.81,49.15,20.39735536,0,0,100,98.02874593,118.0869874,54.640625
323,323-ER18,Engelmann,TRUE,-26.17,0.65,48.48,86.9772985,0,0,100,398.7070908,275.5093579,40.86363636
324,324-ER18,SubFir,TRUE,-25.17,0.99,48.68,57.34189417,0,0,100,305.5014375,259.5851933,45.93723849
325,325-ER18,SubFir,TRUE,-26.9,1.06,52.24,57.47168932,0,0,100,388.1630717,273.7367798,41.35622318
326,326-ER18,Aspen,FALSE,-25.97,2.8,49.25,20.51185149,0,0,100,98.70999915,136.5219447,58.03716216
327,327-ER18,Aspen,FALSE,-26.78,2.55,46.11,21.0868448,0,0,100,90.32730177,127.2835566,58.49136276
328,328-ER18,Engelmann,TRUE,NA,NA,NA,NA,0,0,100,371.4931051,289.3275713,43.78306878
329,329-ER18,SubFir,TRUE,-25.8,1.49,50.86,39.80583581,0,0,100,361.2657108,298.4961852,45.24301676
330,330-ER18,Engelmann,TRUE,-25.46,1.03,47.07,53.29219809,0,0,100,377.6009593,464.482596,55.15873016
331,331-ER18,SubFir,TRUE,-26.14,1.1,52.35,55.49842531,0,0,100,NA,NA,45.67777778
332,332-ER18,Aspen,FALSE,-25.63,2.63,46.65,20.68485875,0,0,100,92.69548177,118.2821281,56.06382979
333,333-ER18,Engelmann,TRUE,-25.81,0.8,48.49,70.68363198,0,0,100,351.4639626,291.7257565,45.35609756
334,334-ER18,Meadow,FALSE,-27.01,3.25,46.68,16.74958867,5,5,90,64.72393165,153.3373984,69.90223142
335,335-ER18,Meadow,FALSE,-27.76,2.53,45.87,21.14291573,15,5,80,61.35210299,147.8554734,70.22135287
336,336-ER18,Meadow,FALSE,-26.07,2.98,47.79,18.70154241,0,10,90,61.69227823,145.0445293,69.55731335
337,337-ER18,Meadow,FALSE,-26.88,2.93,46.15,18.36795239,10,5,85,66.96164259,147.7688984,68.26072544
338,338-ER18,Meadow,FALSE,-25.69,2.59,43.91,19.77062201,5,10,85,60.02392133,218.7065118,77.84597941
339,339-ER18,Meadow,FALSE,-26.48,2.76,46.88,19.80775159,0,5,95,61.17704431,132.6990143,68.33952433
340,340-ER18,Meadow,FALSE,-26.06,2.94,43.48,17.2464163,0,0,100,39.71111002,122.3178997,75.4847077
341,341-ER18,Meadow,FALSE,-25.5,3.32,47.05,16.52639787,0,10,90,56.49818215,169.8410443,73.89665236
342,342-ER18,Meadow,FALSE,-26.43,3.12,45.27,16.92047538,10,0,90,56.09726399,187.4124204,76.78130016
343,343-ER18,Meadow,FALSE,-27.82,2.65,47.42,20.86759194,5,10,85,67.29731912,162.0419636,70.656
344,344-ER18,Meadow,FALSE,-25.57,2.56,46.03,20.96803194,5,5,90,53.99450948,136.7722139,71.37716681
345,345-ER18,Meadow,FALSE,-26.55,2.71,43.81,18.85213852,0,0,100,56.56554078,168.0839378,74.69298206
346,346-ER18,Meadow,FALSE,-26.05,3.54,45.92,15.12708605,5,0,95,53.8830362,141.6545771,71.58081868
347,347-ER18,Meadow,FALSE,-28.09,2.23,48.46,25.34166857,0,20,80,51.2254863,94.88807199,62.90930863
348,348-ER18,Meadow,FALSE,-25.67,2.78,44.84,18.80950939,0,10,90,56.14220205,201.0482043,78.00442608
349,349-ER18,Meadow,FALSE,-25.47,2.57,44.41,20.15135759,0,10,90,56.33282984,182.0849748,76.13819792
350,350-ER18,Meadow,FALSE,-27.84,2.91,45.86,18.37797775,0,10,90,61.20255086,182.0963176,74.04535871
351,351-ER18,Engelmann,TRUE,-25.56,0.84,46.79,64.95766708,0,0,100,417.2232315,324.1210729,43.72072072
352,352-ER18,Engelmann,TRUE,-25.36,0.72,49.91,80.83728769,0,0,100,431.956922,294.7772041,40.56190476
353,353-ER18,Engelmann,TRUE,-24.52,1.08,49.08,52.99531263,0,0,100,282.0436081,235.4675994,45.5
354,354-ER18,Snowberry,FALSE,-26.67,2.89,49.29,19.88921467,0,0,100,61.61212719,105.745982,63.18545455
355,355-ER18,Snowberry,FALSE,-26.49,2.55,49,22.4084883,0,0,100,61.91084218,96.404118,60.89387755
356,356-ER18,Snowberry,FALSE,-25.11,2.81,49.18,20.40980542,0,0,100,69.92756947,107.3010415,60.54385965
357,357-ER18,PotFru,FALSE,-25.33,2.23,47.06,24.60955268,0,0,100,72.24757081,81.73275913,53.08
358,358-ER18,Elderberry,FALSE,-25.71,3.39,47.53,16.35026425,0,0,100,53.41546642,157.7094252,74.69958848
359,359-ER18,Juniper,TRUE,-24.62,1.1,52.61,55.77406219,0,0,100,235.6228788,208.0673786,46.89473684
360,360-ER18,Snowberry,FALSE,-26.01,2.35,49.26,24.4446152,0,0,100,67.29654396,102.2514831,60.30827068
361,361-ER18,boothii,FALSE,-27.24,3.04,48.48,18.59711975,0,0,100,58.34707077,104.3524316,64.13813814
362,362-ER18,Elderberry,FALSE,-23.91,5.69,49.19,10.08140858,0,0,100,44.18647106,159.9425783,78.35365854
363,363-ER18,boothii,FALSE,-27.28,2.93,46.89,18.66247643,0,0,100,80.60770155,126.5411264,61.08705882
364,364-ER18,Meadow,FALSE,-26.87,3.99,44.82,13.09952706,0,5,95,62.97807004,176.3253767,71.82689999
365,365-ER18,Meadow,FALSE,-27.19,2.54,46.51,21.3535105,10,0,90,62.16309371,187.9813661,72.1212448
366,366-ER18,Meadow,FALSE,-27.51,3.16,44.43,16.39630131,10,10,80,59.14512114,172.4668778,71.88091434
367,367-ER18,Meadow,FALSE,-28.16,2.79,46.57,19.46519212,10,10,80,56.67531136,139.5366627,68.84054528
368,368-ER18,Meadow,FALSE,-27.39,3.14,44.34,16.46731149,5,5,90,60.98985489,202.0193374,75.02386057
369,369-ER18,Meadow,FALSE,-27.74,1.91,45.23,27.6153073,5,5,90,61.1939387,191.7534429,72.95610371
370,370-ER18,Meadow,FALSE,-26.41,3.41,44.89,15.3515378,0,15,85,61.84801717,226.4389129,77.30451884
371,371-ER18,Meadow,FALSE,-26.69,3.82,41.54,12.68118357,0,5,95,67.78205226,204.3150895,69.47530366
372,372-ER18,Meadow,FALSE,-27.02,2.9,48.24,19.39840227,10,20,70,103.9782312,281.8433645,71.98535129
373,373-ER18,Meadow,FALSE,-26.94,3.29,45.59,16.15959061,0,5,95,60.74418537,153.2446994,70.11913805
374,374-ER18,Meadow,FALSE,-26.73,3.59,45.75,14.86118052,5,5,90,62.45359251,194.4094678,73.66539964
375,375-ER18,Meadow,FALSE,-26.16,2.47,42.79,20.20235476,0,10,90,68.53567897,258.5117621,77.25317122
376,376-ER18,Meadow,FALSE,-25.89,2.8,43.66,18.18370428,0,25,75,92.88652357,254.1280174,72.32040063
377,377-ER18,Meadow,FALSE,-25.41,3.44,47.56,16.12278502,10,0,90,79.20363397,341.6154425,81.00387805
378,378-ER18,Meadow,FALSE,-25.71,3.22,43.46,15.73948472,0,5,95,74.72773026,297.437355,78.74922302
379,379-ER18,Meadow,FALSE,-25.79,3.34,41.02,14.32207188,5,10,85,70.97740398,265.6308033,78.59814771
380,380-ER18,Meadow,FALSE,-25.92,2.66,43.39,19.02237213,5,0,95,78.800312,337.0492815,80.87305285
381,381-ER18,Meadow,FALSE,-25.82,4.9,44.61,10.61677964,0,0,100,46.84361196,179.989572,79.04471727
382,382-ER18,Meadow,FALSE,-24.47,3.7,41.79,13.17125952,0,0,100,45.92360881,331.5553981,86.95363299
383,383-ER18,Meadow,FALSE,-25.3,4.67,47.29,11.80889044,0,15,85,60.46774944,239.5195244,78.85456226
384,384-ER18,planifolia,FALSE,-25.71,4.41,46.24,12.22745001,0,0,100,45.00669252,116.0739283,72.05952381
385,385-ER18,wolfii,FALSE,-26.69,4.22,51.39,14.2011275,0,0,100,56.47521158,129.4982674,69.63265306
386,386-ER18,Gooseberry,FALSE,-27.43,3.02,45.46,17.55412346,0,0,100,50.29159922,99.15449378,66.348
387,387-ER18,PotFru,FALSE,-26.87,2.95,44.54,17.60697942,0,0,100,66.89755982,97.71257753,59.36
388,388-ER18,boothii,FALSE,-25.22,3.99,46.63,13.62853518,0,0,100,63.41976525,145.9525941,69.70958084
389,389-ER18,planifolia,FALSE,-26.35,4.14,42.96,12.10098135,0,0,100,60.32034964,121.5887598,66.84039088
390,390-ER18,wolfii,FALSE,-26.38,4.01,47.43,13.79321202,0,0,100,52.01615779,110.9228696,68.07630522
391,391-ER18,wolfii,FALSE,-25.61,4.36,48.45,12.95877508,0,0,100,46.69191992,101.8732798,68.57142857
392,392-ER18,wolfii,FALSE,-25.56,4.13,47.63,13.44891317,0,0,100,59.29506732,126.8369403,68.14354067
393,393-ER18,wolfii,FALSE,-26.76,3.73,46.1,14.41281305,0,0,100,49.61519914,121.5892961,71.01992032
394,394-ER18,Engelmann,TRUE,-25.27,0.84,46.36,64.36070626,0,0,100,363.3566513,301.8199358,45.37440758
395,395-ER18,Engelmann,TRUE,-25.58,0.7,46.73,77.84924426,0,0,100,398.2471899,273.4500985,40.71031746
396,396-ER18,Engelmann,TRUE,-24.33,0.83,47.96,67.38414807,0,0,100,363.5329107,267.617217,42.40151515
397,397-ER18,SubFir,TRUE,-26.14,0.84,45.47,63.12513618,0,0,100,312.0926285,264.433163,45.86666667
398,398-ER18,Engelmann,TRUE,-25.44,0.7,42.94,71.53534236,0,0,100,382.2285938,274.8408764,41.82828283
399,399-ER18,Engelmann,TRUE,-24.85,0.65,42.49,76.23072222,0,0,100,498.3234881,345.9848448,40.97849462
400,400-ER18,Engelmann,TRUE,-26.67,0.75,48.79,75.86233652,0,0,100,NA,NA,41.28181818
401,401-ER18,SubFir,TRUE,-25.68,0.92,43.71,55.40508673,0,0,100,344.3915026,281.5426082,44.97959184
402,402-ER18,Engelmann,TRUE,-25.88,0.78,46.65,69.74510064,0,0,100,392.3301881,292.9293444,42.7472119
403,403-ER18,Engelmann,TRUE,-25.15,0.78,43.18,64.55720141,0,0,100,366.443365,299.8675672,45.00414938
404,404-ER18,Meadow,FALSE,-26.62,3.18,46.14,16.92026381,10,10,80,58.46162097,164.8490176,73.21283647
405,405-ER18,Meadow,FALSE,-26.57,3.47,45.59,15.32134096,0,10,90,62.1802545,191.2972077,74.94669554
406,406-ER18,Meadow,FALSE,-26.5,3.69,39.94,12.62229582,0,0,100,65.2085771,208.0681751,75.92341555
407,407-ER18,Meadow,FALSE,-26.06,3.55,44.06,14.47347448,0,5,95,51.31672723,119.6341149,69.21122498
408,408-ER18,Meadow,FALSE,-26.5,3.17,41.43,15.24096027,10,5,85,61.23568127,175.2518724,73.31742525
409,409-ER18,Meadow,FALSE,-25.93,3.02,43.64,16.85134069,0,10,90,62.07147664,173.4403305,72.45334745
410,410-ER18,Meadow,FALSE,-25.97,3.49,43.68,14.59532811,0,0,100,54.35861909,182.287878,76.90671637
411,411-ER18,Meadow,FALSE,-26.69,3.18,42.93,15.74310632,10,10,80,53.58349239,183.6218266,76.82001002
412,412-ER18,Meadow,FALSE,-26.44,3.29,43.9,15.56056214,5,15,80,55.15927186,148.8073397,71.56191531
413,413-ER18,Meadow,FALSE,-27.17,2.3,42.81,21.70571277,5,5,90,63.94518981,128.0172846,63.8040643
414,414-ER18,Meadow,FALSE,-26.78,2.72,45.51,19.5116767,15,5,80,57.22300247,141.8627402,70.31476585
415,415-ER18,Meadow,FALSE,-27.13,2.86,42.54,17.34555148,0,10,90,65.64075531,179.8763024,71.52080777
416,416-ER18,Meadow,FALSE,-27.03,2.59,41.23,18.56394319,0,5,95,61.65129345,178.6373273,73.3264092
417,417-ER18,Meadow,FALSE,-26.68,3.14,44.54,16.54158895,5,10,85,64.73152157,132.5919141,66.28690017
418,418-ER18,Meadow,FALSE,-24.75,3.25,46.34,16.62759081,0,5,95,53.13614691,180.6736347,77.08529197
419,419-ER18,Meadow,FALSE,-24.56,3.2,43.91,16.00184719,0,0,100,50.74378507,176.9181818,77.72425614
420,420-ER18,Meadow,FALSE,-26.43,2.29,41.7,21.23524288,0,10,90,62.28310392,120.9155233,65.47319925
421,421-ER18,Meadow,FALSE,-27.05,2.39,45.47,22.18624033,0,10,90,62.81737675,165.4799825,70.1983641
422,422-ER18,Meadow,FALSE,-26.86,3.09,43.95,16.5865881,10,10,80,98.2199108,378.3961957,77.33016004
423,423-ER18,Meadow,FALSE,-26.62,2.52,43.85,20.29204033,5,10,85,61.44744467,173.4559234,72.96130496
424,424-ER18,PotFru,FALSE,-25.9,2.9,45.17,18.16388538,0,0,100,74.72409137,116.3754143,60.89781022
425,425-ER18,planifolia,FALSE,-27.28,3.4,47.07,16.14440119,0,0,100,58.52986259,105.6991415,64.36082474
426,426-ER18,boothii,FALSE,-27.57,3.98,48.97,14.34840716,0,0,100,61.2135622,120.784701,66.36585366
427,427-ER18,Gooseberry,FALSE,-26.66,2.99,50.5,19.69594622,0,0,100,60.18592513,109.1838998,64.46478873
428,428-ER18,Raspberry,FALSE,-27.31,2.84,43.28,17.77156081,0,0,100,57.11296895,91.36387795,61.53409091
429,429-ER18,Juniper,TRUE,-24.25,1.87,44.23,27.58239622,0,0,100,178.9403071,183.0930426,50.57352941
430,430-ER18,SorSco,FALSE,-25.59,3.33,46.32,16.22112523,0,0,100,68.90553111,134.6084774,66.14211886
431,431-ER18,boothii,FALSE,-26.05,3.06,47.56,18.12496094,0,0,100,59.49502618,110.1179871,64.92307692
432,432-ER18,DisInv,FALSE,-26.65,2.47,42.02,19.83881624,0,0,100,51.18725732,120.118556,70.11936937
433,433-ER18,Gooseberry,FALSE,-26.56,3.45,47.16,15.94084582,0,0,100,56.45071937,99.16378987,63.724
434,434-ER18,Engelmann,TRUE,-24.66,0.83,44.48,62.49472281,0,0,100,404.0969589,338.3703451,45.57377049
435,435-ER18,SubFir,TRUE,-24.69,1.07,46.46,50.63514847,0,0,100,340.1827158,291.6519157,46.15953307
436,436-ER18,Aspen,FALSE,-26.21,2.8,48.65,20.26196091,0,0,100,92.13556169,117.4968859,56.04899777
437,437-ER18,Engelmann,TRUE,-25.78,0.92,44.2,56.02619157,0,0,100,427.2252906,350.5779056,45.07282913
438,438-ER18,Engelmann,TRUE,-24.7,0.93,45.93,57.59306039,0,0,100,380.4041486,285.4264134,42.86772487
439,439-ER18,planifolia,FALSE,-28.06,2.29,46.85,23.85782083,0,0,100,80.54957766,NA,NA
440,440-ER18,Alder,FALSE,-28.28,3.11,49.98,18.74098973,0,0,100,64.26743158,NA,NA
441,441-ER18,boothii,FALSE,-26.72,2.76,45.41,19.18664675,0,0,100,77.52797795,NA,NA
442,442-ER18,geyer,FALSE,-26.69,2.65,47.77,21.02161255,0,0,100,65.12357731,NA,NA
443,443-ER18,geyer,FALSE,-26.52,2.74,48.12,20.48008316,0,0,100,77.95238849,NA,NA
444,444-ER18,wolfii,FALSE,-26.33,2.36,40.67,20.09642605,0,0,100,90.64240271,NA,NA
445,445-ER18,wolfii,FALSE,-27.1,2.46,45.51,21.57388644,0,0,100,83.67633233,NA,NA
446,446-ER18,wolfii,FALSE,-26.63,2.67,46.46,20.29198834,0,0,100,79.12971935,NA,NA
447,447-ER18,planifolia,FALSE,-28.28,2.6,43.51,19.51517253,0,0,100,83.1541445,NA,NA
448,448-ER18,planifolia,FALSE,-27.25,2.96,47.93,18.88306021,0,0,100,73.10791106,NA,NA
449,449-ER18,CarSp,FALSE,-26.37,2.37,44.59,21.94046291,0,0,100,NA,NA,NA
450,450-ER18,planifolia,FALSE,NA,NA,NA,NA,0,0,100,76.06646534,NA,NA
451,451-ER18,planifolia,FALSE,-27.09,2.59,46.29,20.84222484,0,0,100,78.47051015,NA,NA
452,452-ER18,CalStr,FALSE,-26.38,2.51,45.23,21.01403863,0,0,100,NA,NA,NA
453,453-ER18,CarAqu,FALSE,-27.58,3.09,46.86,17.68481271,0,0,100,NA,NA,NA
454,454-ER18,geyer,FALSE,-26.65,2.77,45.57,19.18474007,0,0,100,85.16444553,NA,NA
455,455-ER18,geyer,FALSE,-27.72,2.64,46.87,20.70368668,0,0,100,83.52303963,NA,NA
456,456-ER18,geyer,FALSE,-27.26,3.46,49.67,16.74074269,0,0,100,66.94558455,NA,NA
457,457-ER18,,FALSE,NA,NA,NA,NA,NA,NA,NA,NA,NA,NA
458,458-ER18,geyer,FALSE,-27.46,3.1,48.32,18.17698679,0,0,100,85.62185303,NA,NA
459,459-ER18,geyer,FALSE,-28.1,3.48,47.9,16.05140044,0,0,100,83.49096118,NA,NA
460,460-ER18,drumm,FALSE,-26.81,3.22,46.55,16.85855991,0,0,100,89.21775018,NA,NA
461,461-ER18,Bog Birch,FALSE,-26.94,3.63,50.78,16.31333413,0,0,100,60.97010406,NA,NA
462,462-ER18,Engelmann,TRUE,-24.37,0.86,46.32,62.80970583,0,0,100,334.6301078,NA,NA
463,463-ER18,wolfii,FALSE,-27.1,2.12,46.96,25.83145607,0,0,100,82.83001827,NA,NA
464,464-ER18,CarUrt,FALSE,-25.92,2.1,46.16,21.98095238,0,0,100,NA,NA,NA
465,465-ER18,geyer,FALSE,-27.36,3.47,47.1,15.82880366,0,0,100,78.93004509,NA,NA
466,466-ER18,drumm,FALSE,-28.26,3.08,44.99,17.03420763,0,0,100,67.68227982,NA,NA
467,467-ER18,drumm,FALSE,-28.53,2.53,44.03,20.29480226,0,0,100,79.88014173,NA,NA
468,468-ER18,CarLen,FALSE,-26.51,2.08,45.5,21.875,0,0,100,NA,NA,NA
469,469-ER18,boothii,FALSE,-27.02,2.49,45.21,21.17345937,0,0,100,91.46228817,NA,NA
470,470-ER18,wolfii,FALSE,-26.36,2.16,45.31,24.46228214,0,0,100,80.99885321,NA,NA
471,471-ER18,boothii,FALSE,-26.86,2.88,44.91,18.18474549,0,0,100,78.50824864,NA,NA
472,472-ER18,geyer,FALSE,-27.11,3.29,45.13,15.99654144,0,0,100,92.13692448,NA,NA
474,474-ER18,Lodgepole,TRUE,-25.63,1.3,51.47,46.17080811,0,0,100,249.6936725,NA,NA
475,475-ER18,Lodgepole,TRUE,-25.81,1.26,47.33,43.80489254,0,0,100,241.5905059,NA,NA
476,476-ER18,Lodgepole,TRUE,-27.16,1.3,50.81,45.57875966,0,0,100,255.6676564,NA,NA
477,477-ER18,Engelmann,TRUE,-26.21,0.86,44.96,60.96555212,0,0,100,365.7684323,NA,NA
478,478-ER18,Lodgepole,TRUE,-26.69,1.09,46.89,50.16610637,0,0,100,197.6957345,NA,NA
451,451-ER18,planifolia,FALSE,-27.44,2.19,47.7,25.39983668,0,0,100,78.47051015,NA,NA