SamplingArea,Campaign,SampleSiteID,SampleSiteCode,Month,Day,Year,Longitude,Latitude,EPSG,GPS_source,Elevation_m,VegetationType,Site_Veg,Needles,FieldVegHeightMax_cm,FieldVegHeightMedian_cm,SoilMoisture_%_1,SoilMoisture_%_2,SoilMoisture_%_3,Foliar_IGSN
RM,ER18,1,001-ER18,6,14,2018,38.957229,-106.986098,4326,RTK,2908.8,Meadow,Meadow,FALSE,21,13,6,6,7,IER18005A
RM,ER18,2,002-ER18,6,14,2018,38.957288,-106.9861,4326,RTK,2908.8,Meadow,Meadow,FALSE,42,26,4,6,4,IER18005B
RM,ER18,3,003-ER18,6,14,2018,38.957368,-106.98616,4326,RTK,2908.2,Meadow,Meadow,FALSE,31,17,6,7,5,IER18005C
RM,ER18,4,004-ER18,6,14,2018,38.957477,-106.986105,4326,RTK,2908.3,Meadow,Meadow,FALSE,55,32,5,7,8,IER18005D
RM,ER18,5,005-ER18,6,14,2018,38.957461,-106.986231,4326,RTK,2907.8,Meadow,Meadow,FALSE,59,14,7,13,12,IER18005E
RM,ER18,6,006-ER18,6,14,2018,38.957868,-106.984834,4326,RTK,2915.4,Meadow,Meadow,FALSE,29,21,9,9,9,IER18005F
RM,ER18,7,007-ER18,6,14,2018,38.957824,-106.984753,4326,RTK,2916.4,Meadow,Meadow,FALSE,63,12,6,5,6,IER18005G
RM,ER18,8,008-ER18,6,14,2018,38.957823,-106.984833,4326,RTK,2915.7,Meadow,Meadow,FALSE,57,32,4,5,3,IER18005H
RM,ER18,9,009-ER18,6,14,2018,38.957937,-106.984502,4326,RTK,2918.5,Meadow,Meadow,FALSE,78,35,10,9,7,IER18005I
PH,ER18,10,010-ER18,6,15,2018,38.921891,-106.951893,4326,RTK,2767.7,Meadow,Meadow,FALSE,40,25,10,10,9,IER18005J
PH,ER18,11,011-ER18,6,15,2018,38.921874,-106.952112,4326,RTK,2769.4,Meadow,Meadow,FALSE,26,18,9,9,9,IER18005K
PH,ER18,12,012-ER18,6,15,2018,38.921828,-106.952197,4326,RTK,2770.8,Meadow,Meadow,FALSE,30,25,10,10,9,IER18005L
PH,ER18,13,013-ER18,6,15,2018,38.921662,-106.952406,4326,RTK,2775,Meadow,Meadow,FALSE,45,22,8,7,7,IER18005M
PH,ER18,14,014-ER18,6,15,2018,38.921775,-106.952646,4326,RTK,2776.8,Meadow,Meadow,FALSE,50,35,6,7,8,IER18005N
PH,ER18,15,015-ER18,6,15,2018,38.921582,-106.952623,4326,RTK,2779.5,Meadow,Meadow,FALSE,53,24,11,8,11,IER18005O
PH,ER18,16,016-ER18,6,15,2018,38.921584,-106.952762,4326,RTK,2782.1,Meadow,Meadow,FALSE,75,50,8,8,7,IER18005P
PH,ER18,17,017-ER18,6,15,2018,38.921531,-106.952667,4326,RTK,2781.1,Meadow,Meadow,FALSE,62,48,9,9,7,IER18005Q
PH,ER18,18,018-ER18,6,15,2018,38.921552,-106.95302,4326,RTK,2789.9,Meadow,Meadow,FALSE,50,35,6,8,9,IER18005R
PH,ER18,19,019-ER18,6,15,2018,38.92152,-106.952817,4326,RTK,2785.1,Meadow,Meadow,FALSE,74,49,11,11,10,IER18005S
MtC,ER18,20,020-ER18,6,27,2018,38.991241,-107.06585,4326,RTK,3456.8,Tree,Engelmann,TRUE,,,,,,IER18002I
RM,ER18,21,021-ER18,6,14,2018,38.95691,-106.987486,4326,RTK,2891.5,Shrub,wolfii,FALSE,101.2,,11,10,9,IER1800CN
RM,ER18,22,022-ER18,6,14,2018,38.956973,-106.987406,4326,RTK,2892.1,Shrub,boothii,FALSE,202.1,,19,16,16,IER18000W
RM,ER18,23,023-ER18,6,14,2018,38.957091,-106.986844,4326,RTK,2902.2,Shrub,wolfii,FALSE,96.8,,9,11,11,IER1800CO
RM,ER18,24,024-ER18,6,14,2018,38.957034,-106.986722,4326,RTK,2902.9,Shrub,boothii,FALSE,261.6,,19,16,14,IER18000X
RM,ER18,25,025-ER18,6,14,2018,38.956726,-106.986286,4326,RTK,2909.8,Shrub,PotFru,FALSE,79,,3,4,4,IER1800BF
RM,ER18,26,026-ER18,6,14,2018,38.956511,-106.986464,4326,RTK,2910.7,Shrub,Sage,FALSE,45,,5,4,3,IER1800BT
RM,ER18,27,027-ER18,6,14,2018,38.956822,-106.986191,4326,RTK,2908.4,Shrub,wolfii,FALSE,123,,11,13,10,IER1800CP
RM,ER18,28,028-ER18,6,14,2018,38.956765,-106.986114,4326,RTK,2910.2,Shrub,brachy,FALSE,283,,7,6,6,IER18001Q
RM,ER18,29,029-ER18,6,14,2018,38.956699,-106.985754,4326,RTK,2912.2,Shrub,wolfii,FALSE,87,,7,9,7,IER1800CQ
RM,ER18,30,030-ER18,6,14,2018,38.956705,-106.985928,4326,RTK,2912.6,Shrub,PotFru,FALSE,91,,4,3,4,IER1800BG
RM,ER18,31,031-ER18,6,14,2018,38.95712,-106.986154,4326,RTK,2908.5,Tree,Engelmann,TRUE,,,2,4,5,IER18002J
RM,ER18,32,032-ER18,6,14,2018,38.95769,-106.985601,4326,RTK,2910.7,Tree,Engelmann,TRUE,,,,,,IER18002K
PH,ER18,33,033-ER18,6,15,2018,38.92172,-106.95356,4326,RTK,2799.1,Tree,Aspen,FALSE,,,,,,IER180002
PH,ER18,34,034-ER18,6,15,2018,38.921865,-106.953758,4326,RTK,2796.9,Tree,Aspen,FALSE,,,,,,IER180003
PH,ER18,35,035-ER18,6,15,2018,38.920659,-106.951452,4326,RTK,2784.4,Tree,Engelmann,TRUE,,,,,,IER18002L
PH,ER18,36,036-ER18,6,15,2018,38.920605,-106.951466,4326,RTK,2786.8,Tree,Engelmann,TRUE,,,,,,IER18002M
PH,ER18,37,037-ER18,6,15,2018,38.920454,-106.951341,4326,RTK,2788.3,Tree,Aspen,FALSE,,,,,,IER180004
PH,ER18,38,038-ER18,6,15,2018,38.92037,-106.951345,4326,RTK,2792.3,Tree,Engelmann,TRUE,,,,,,IER18002N
PH,ER18,39,039-ER18,6,15,2018,38.920603,-106.951627,4326,RTK,2791,Tree,Engelmann,TRUE,,,,,,IER18002O
PH,ER18,40,040-ER18,6,15,2018,38.920632,-106.951536,4326,RTK,2787.6,Tree,Engelmann,TRUE,,,,,,IER18002P
PH,ER18,41,041-ER18,6,15,2018,38.919704,-106.951725,4326,RTK,2825.1,Tree,Engelmann,TRUE,,,,,,IER18002Q
PH,ER18,42,042-ER18,6,15,2018,38.919887,-106.951538,4326,RTK,2813.2,Tree,Aspen,FALSE,,,,,,IER180005
SG,ER18,43,043-ER18,6,16,2018,38.927272,-106.980458,4326,RTK,3171.9,Tree,Lodgepole,TRUE,,,,,,IER18004V
PH,ER18,44,044-ER18,6,15,2018,38.920993,-106.950929,4326,RTK,2773.3,Meadow,Meadow,FALSE,91,78,11,11,10,IER18005T
PH,ER18,45,045-ER18,6,15,2018,38.920918,-106.950805,4326,RTK,2774.3,Meadow,Meadow,FALSE,30,15,9,12,11,IER18005U
PH,ER18,46,046-ER18,6,15,2018,38.920866,-106.950966,4326,RTK,2775.6,Meadow,Meadow,FALSE,95,77,6,6,9,IER18005V
PH,ER18,47,047-ER18,6,15,2018,38.920941,-106.9508,4326,RTK,2773.6,Meadow,Meadow,FALSE,45,20,12,12,12,IER18005W
PH,ER18,48,048-ER18,6,15,2018,38.920768,-106.950911,4326,RTK,2777.5,Meadow,Meadow,FALSE,40,21,9,9,7,IER18005X
PH,ER18,49,049-ER18,6,15,2018,,,,,,Meadow,Meadow,FALSE,40,35,7,10,8,IER18005Y
PH,ER18,50,050-ER18,6,15,2018,38.920598,-106.950866,4326,RTK,2781.4,Meadow,Meadow,FALSE,31,23,,,,IER18005Z
PH,ER18,51,051-ER18,6,15,2018,38.920701,-106.951168,4326,RTK,2779.4,Meadow,Meadow,FALSE,50,30,8,9,8,IER180060
PH,ER18,52,052-ER18,6,15,2018,38.920868,-106.950861,4326,RTK,2775.4,Meadow,Meadow,FALSE,101,64,7,6,5,IER180061
PH,ER18,53,053-ER18,6,15,2018,38.920851,-106.951345,4326,RTK,2777.4,Meadow,Meadow,FALSE,65,50,8,9,6,IER180062
PH,ER18,54,054-ER18,6,15,2018,38.920831,-106.951183,4326,RTK,2776.8,Meadow,Meadow,FALSE,76,42,11,9,13,IER180063
PH,ER18,55,055-ER18,6,15,2018,38.923004,-106.949991,4326,RTK,2759.6,Shrub,boothii,FALSE,227.4,,48,54,51,IER18000Y
PH,ER18,56,056-ER18,6,15,2018,38.923082,-106.949648,4326,RTK,2758.8,Shrub,boothii,FALSE,224.1,,46,32,30,IER18000Z
PH,ER18,57,057-ER18,6,15,2018,38.92248,-106.950087,4326,RTK,2759.7,Shrub,planifolia,FALSE,174.1,,38,40,50,IER1800AX
PH,ER18,58,058-ER18,6,15,2018,38.92201,-106.950178,4326,RTK,2760.3,Shrub,boothii,FALSE,212.5,,21,24,18,IER180010
PH,ER18,59,059-ER18,6,15,2018,38.92202,-106.950346,4326,RTK,2761.6,Shrub,DisInv,FALSE,142.3,,3,7,7,IER180023
PH,ER18,60,060-ER18,6,15,2018,38.921769,-106.950522,4326,RTK,2762.9,Shrub,PotFru,FALSE,71.4,,6,7,7,IER1800BH
PH,ER18,61,061-ER18,6,15,2018,38.921533,-106.951738,4326,RTK,2770.3,Shrub,Snowberry,FALSE,180.5,,7,6,5,IER1800BW
PH,ER18,62,062-ER18,6,15,2018,38.921254,-106.951461,4326,RTK,2769.1,Shrub,boothii,FALSE,189.6,,20,34,36,IER180011
PH,ER18,63,063-ER18,6,15,2018,38.921183,-106.951648,4326,RTK,2770.9,Shrub,Snowberry,FALSE,130.5,,7,8,8,IER1800BX
PH,ER18,64,064-ER18,6,15,2018,38.920534,-106.951141,4326,RTK,2783.9,Shrub,Snowberry,FALSE,175.6,,5,5,8,IER1800BY
SG,ER18,65,065-ER18,6,16,2018,38.927266,-106.979171,4326,RTK,3155.2,Meadow,Meadow,FALSE,94,81,7,7,11,IER180064
SG,ER18,66,066-ER18,6,16,2018,38.927241,-106.979332,4326,RTK,3156.9,Meadow,Meadow,FALSE,62,32,7,7,8,IER180065
SG,ER18,67,067-ER18,6,16,2018,38.927039,-106.97924,4326,RTK,3154.3,Meadow,Meadow,FALSE,61,45,6,7,6,IER180066
SG,ER18,68,068-ER18,6,16,2018,38.927114,-106.979363,4326,RTK,3156.2,Meadow,Meadow,FALSE,30,20,4,8,8,IER180067
SG,ER18,69,069-ER18,6,16,2018,38.927235,-106.979413,4326,RTK,3158.6,Meadow,Meadow,FALSE,44,29,6,6,7,IER180068
SG,ER18,70,070-ER18,6,16,2018,38.927161,-106.979503,4326,RTK,3159.7,Meadow,Meadow,FALSE,26,19,11,7,9,IER180069
SG,ER18,71,071-ER18,6,16,2018,38.926902,-106.973515,4326,RTK,3061.8,Meadow,Meadow,FALSE,104,77,7,12,7,IER18006A
SG,ER18,72,072-ER18,6,16,2018,38.926992,-106.973512,4326,RTK,3060.1,Meadow,Meadow,FALSE,85,60,7,10,8,IER18006B
SG,ER18,73,073-ER18,6,16,2018,38.926899,-106.973659,4326,RTK,3065.9,Meadow,Meadow,FALSE,83,55,6,4,7,IER18006C
SG,ER18,74,074-ER18,6,16,2018,38.927083,-106.973191,4326,RTK,3049.3,Meadow,Meadow,FALSE,85,75,9,10,10,IER18006D
SG,ER18,75,075-ER18,6,16,2018,38.92705,-106.973035,4326,RTK,3045.3,Meadow,Meadow,FALSE,86,48,7,6,6,IER18006E
SG,ER18,76,076-ER18,6,16,2018,38.92709,-106.973059,4326,RTK,3045.6,Meadow,Meadow,FALSE,78,34,7,7,9,IER18006F
SG,ER18,77,077-ER18,6,16,2018,38.927026,-106.972878,4326,RTK,3041.8,Meadow,Meadow,FALSE,58,29,6,8,7,IER18006G
SG,ER18,78,078-ER18,6,16,2018,38.927014,-106.972768,4326,RTK,3040,Meadow,Meadow,FALSE,90,73,8,12,13,IER18006H
SG,ER18,79,079-ER18,6,16,2018,38.927011,-106.972682,4326,RTK,3038,Meadow,Meadow,FALSE,95,86,9,7,9,IER18006I
SG,ER18,80,080-ER18,6,16,2018,38.927247,-106.972296,4326,RTK,3030.5,Meadow,Meadow,FALSE,117,99,7,8,8,IER18006J
SG,ER18,81,081-ER18,6,16,2018,38.927043,-106.972648,4326,RTK,3037.1,Meadow,Meadow,FALSE,107,60,7,7,8,IER18006K
SG,ER18,82,082-ER18,6,16,2018,38.927301,-106.972551,4326,RTK,3033.7,Meadow,Meadow,FALSE,30,21,8,7,7,IER18006L
SG,ER18,83,083-ER18,6,16,2018,38.927066,-106.97262,4326,RTK,3036.8,Meadow,Meadow,FALSE,96,57,7,8,7,IER18006M
SG,ER18,84,084-ER18,6,16,2018,38.927547,-106.972431,4326,RTK,3029.2,Meadow,Meadow,FALSE,78,57,7,7,7,IER18006N
SG,ER18,85,085-ER18,6,16,2018,38.92772,-106.978661,4326,RTK,3151.9,Shrub,Elderberry,FALSE,115.9,,9,6,8,IER18002B
SG,ER18,86,086-ER18,6,16,2018,38.927832,-106.977936,4326,RTK,3143.6,Shrub,boothii,FALSE,253.6,,6,7,8,IER180012
SG,ER18,87,087-ER18,6,16,2018,38.927743,-106.977328,4326,RTK,3138.2,Shrub,Elderberry,FALSE,98.4,,6,5,6,IER18002C
SG,ER18,88,088-ER18,6,16,2018,38.926729,-106.97787,4326,RTK,3139.5,Shrub,glauca,FALSE,297.7,,8,7,4,IER18004J
SG,ER18,89,089-ER18,6,16,2018,38.927379,-106.973251,4326,RTK,3044.8,Shrub,boothii,FALSE,302,,5,3,5,IER180013
SG,ER18,90,090-ER18,6,16,2018,38.927458,-106.973341,4326,RTK,3045.6,Shrub,glauca,FALSE,273,,11,10,6,IER18004K
SG,ER18,91,091-ER18,6,16,2018,38.927967,-106.973061,4326,RTK,3032.1,Shrub,boothii,FALSE,285,,47,48,33,IER180014
SG,ER18,92,092-ER18,6,16,2018,38.928202,-106.973124,4326,RTK,3031.1,Shrub,boothii,FALSE,371.1,,9,8,9,IER180015
SG,ER18,93,093-ER18,6,16,2018,38.928463,-106.973402,4326,RTK,3032.9,Shrub,brachy,FALSE,235.2,,63,56,47,IER18001R
SG,ER18,94,094-ER18,6,16,2018,38.928128,-106.97371,4326,RTK,3048,Shrub,Juniper,TRUE,123.4,,4,3,3,IER18004R
SG,ER18,95,095-ER18,6,16,2018,38.927578,-106.979875,4326,RTK,3165.3,Tree,Engelmann,TRUE,,,,,,IER18002R
SG,ER18,96,096-ER18,6,16,2018,38.927245,-106.980659,4326,RTK,3179.6,Tree,Engelmann,TRUE,,,,,,IER18002S
SG,ER18,97,097-ER18,6,16,2018,38.927808,-106.980227,4326,RTK,3169.6,Tree,Aspen,FALSE,,,,,,IER180006
SG,ER18,98,098-ER18,6,16,2018,38.927711,-106.980326,4326,RTK,3170.4,Tree,Lodgepole,TRUE,,,,,,IER18004W
SG,ER18,99,099-ER18,6,16,2018,38.927998,-106.974237,4326,RTK,3068.8,Tree,Lodgepole,TRUE,,,,,,IER18004X
SG,ER18,100,100-ER18,6,16,2018,38.927451,-106.974196,4326,RTK,3076.5,Tree,Lodgepole,TRUE,,,,,,IER18004Y
SG,ER18,101,101-ER18,6,16,2018,38.927544,-106.974263,4326,RTK,3078.8,Tree,Lodgepole,TRUE,,,,,,IER18004Z
SG,ER18,102,102-ER18,6,16,2018,38.927547,-106.973469,4326,RTK,3047.7,Tree,Aspen,FALSE,,,,,,IER180007
SG,ER18,103,103-ER18,6,16,2018,38.927336,-106.972905,4326,RTK,3037.6,Tree,Aspen,FALSE,,,,,,IER180008
BD,ER18,104,104-ER18,6,19,2018,38.987082,-107.00545,4326,RTK,2956.1,Shrub,wolfii,FALSE,163.8,,38,36,61,IER1800CR
BD,ER18,105,105-ER18,6,19,2018,38.986841,-107.00534,4326,RTK,2954.5,Shrub,wolfii,FALSE,131.5,,27,28,32,IER1800CS
BD,ER18,106,106-ER18,6,19,2018,38.986848,-107.004942,4326,RTK,2954.8,Shrub,boothii,FALSE,291,,32,49,43,IER180016
BD,ER18,107,107-ER18,6,19,2018,38.986554,-107.004714,4326,RTK,2952.7,Shrub,boothii,FALSE,239.1,,13,9,12,IER180017
BD,ER18,108,108-ER18,6,19,2018,38.986361,-107.004697,4326,RTK,2951.1,Shrub,boothii,FALSE,212.3,,10,12,12,IER180018
BD,ER18,109,109-ER18,6,19,2018,38.98602,-107.004889,4326,RTK,2947,Shrub,wolfii,FALSE,154.4,,12,11,13,IER1800CT
BD,ER18,110,110-ER18,6,19,2018,38.985411,-107.004924,4326,RTK,2940.3,Shrub,brachy,FALSE,187.9,,60,53,61,IER18001S
BD,ER18,111,111-ER18,6,19,2018,38.985465,-107.004908,4326,RTK,2940.9,Shrub,drumm,FALSE,260.7,,11,7,14,IER180026
BD,ER18,112,112-ER18,6,19,2018,38.986253,-107.005474,4326,RTK,2955.1,Shrub,PotFru,FALSE,105.5,,7,6,8,IER1800BI
BD,ER18,113,113-ER18,6,19,2018,38.986426,-107.00538,4326,RTK,2954.7,Shrub,PotFru,FALSE,74.1,,8,7,11,IER1800BJ
BD,ER18,114,114-ER18,6,19,2018,38.987348,-107.00404,4326,RTK,2967.2,Tree,Engelmann,TRUE,,,,,,IER18002T
BD,ER18,115,115-ER18,6,19,2018,38.9874,-107.003942,4326,RTK,2968.3,Tree,Engelmann,TRUE,,,,,,IER18002U
BD,ER18,116,116-ER18,6,19,2018,38.988511,-107.005581,4326,RTK,2968.5,Tree,Engelmann,TRUE,,,,,,IER18002V
BD,ER18,117,117-ER18,6,19,2018,38.988447,-107.00561,4326,RTK,2967.7,Tree,Engelmann,TRUE,,,,,,IER18002W
BD,ER18,118,118-ER18,6,19,2018,38.989248,-107.006539,4326,RTK,2970.8,Tree,Aspen,FALSE,,,,,,IER180009
BD,ER18,119,119-ER18,6,19,2018,38.989288,-107.00665,4326,RTK,2968.9,Tree,Engelmann,TRUE,,,,,,IER18002X
T403,ER18,120,120-ER18,6,19,2018,38.982461,-107.008865,4326,RTK,2964.2,Tree,SubFir,TRUE,,,,,,IER1800C4
T403,ER18,121,121-ER18,6,19,2018,38.982342,-107.009334,4326,RTK,2978.9,Tree,Engelmann,TRUE,,,,,,IER18002Y
T403,ER18,122,122-ER18,6,19,2018,38.982675,-107.010166,4326,RTK,2997.2,Tree,Aspen,FALSE,,,,,,IER18000A
T403,ER18,123,123-ER18,6,19,2018,38.98303,-107.010221,4326,RTK,2997.3,Tree,Aspen,FALSE,,,,,,IER18000B
WGM,ER18,124,124-ER18,6,19,2018,38.939115,-107.011615,4326,RTK,3021.7,Tree,Engelmann,TRUE,,,,,,IER18002Z
WGM,ER18,125,125-ER18,6,19,2018,38.938981,-107.01153,4326,RTK,3019.1,Tree,Engelmann,TRUE,,,,,,IER180030
WGM,ER18,126,126-ER18,6,19,2018,38.939028,-107.012396,4326,RTK,3015,Tree,Engelmann,TRUE,,,,,,IER180031
WGM,ER18,127,127-ER18,6,19,2018,38.938929,-107.012641,4326,RTK,3011.1,Tree,SubFir,TRUE,,,,,,IER1800C5
WGM,ER18,128,128-ER18,6,19,2018,38.939784,-107.013703,4326,RTK,3017.6,Tree,Aspen,FALSE,,,,,,IER18000C
WGM,ER18,129,129-ER18,6,19,2018,38.939684,-107.013776,4326,RTK,3014.8,Tree,Aspen,FALSE,,,,,,IER18000D
WGM,ER18,130,130-ER18,6,19,2018,38.937274,-107.013489,4326,RTK,2973.4,Tree,Aspen,FALSE,,,,,,IER18000E
WGM,ER18,131,131-ER18,6,19,2018,38.937385,-107.012876,4326,RTK,2972.3,Tree,Engelmann,TRUE,,,,,,IER180032
WGM,ER18,132,132-ER18,6,19,2018,38.937293,-107.011603,4326,RTK,2983.1,Tree,Aspen,FALSE,,,,,,IER18000F
WGM,ER18,133,133-ER18,6,19,2018,38.936757,-107.011946,4326,RTK,2974.8,Tree,Aspen,FALSE,,,,,,IER18000G
WGM,ER18,134,134-ER18,6,19,2018,38.937038,-107.013136,4326,RTK,2970.1,Shrub,boothii,FALSE,237.9,,12,11,8,IER180019
WGM,ER18,135,135-ER18,6,19,2018,38.936883,-107.012693,4326,RTK,2968.1,Shrub,boothii,FALSE,234.9,,41,45,26,IER18001A
WGM,ER18,136,136-ER18,6,19,2018,38.936861,-107.01241,4326,RTK,2967.6,Shrub,PotFru,FALSE,54.1,,15,13,10,IER1800BK
WGM,ER18,137,137-ER18,6,19,2018,38.936339,-107.012625,4326,RTK,2962.6,Shrub,planifolia,FALSE,172.7,,14,15,10,IER1800AY
WGM,ER18,138,138-ER18,6,19,2018,38.935903,-107.012049,4326,RTK,2963.9,Shrub,Sage,FALSE,29.9,,9,5,7,IER1800BU
WGM,ER18,139,139-ER18,6,19,2018,38.935431,-107.012225,4326,RTK,2957.2,Shrub,Sage,FALSE,55,,4,7,5,IER1800BV
WGM,ER18,140,140-ER18,6,19,2018,38.935454,-107.013524,4326,RTK,2952.9,Shrub,boothii,FALSE,202.5,,15,20,21,IER18001B
WGM,ER18,141,141-ER18,6,19,2018,38.93567,-107.013317,4326,RTK,2955.6,Shrub,planifolia,FALSE,204.3,,11,24,14,IER1800AZ
WGM,ER18,142,142-ER18,6,19,2018,38.936354,-107.013071,4326,RTK,2962.7,Shrub,Willow,FALSE,183.6,,20,17,28,IER1800CJ
WGM,ER18,143,143-ER18,6,19,2018,38.936866,-107.013154,4326,RTK,2968.2,Shrub,planifolia,FALSE,215.4,,28,20,22,IER1800B0
BD,ER18,144,144-ER18,6,20,2018,38.98771,-107.002443,4326,RTK,2990.7,Meadow,Meadow,FALSE,43,25,12,15,11,IER18006O
BD,ER18,145,145-ER18,6,20,2018,38.987809,-107.002469,4326,RTK,2991.4,Meadow,Meadow,FALSE,40,24,10,10,10,IER18006P
BD,ER18,146,146-ER18,6,20,2018,38.987631,-107.002637,4326,RTK,2987.1,Meadow,Meadow,FALSE,88,71,11,12,11,IER18006Q
BD,ER18,147,147-ER18,6,20,2018,38.987527,-107.002882,4326,RTK,2983.4,Meadow,Meadow,FALSE,79,60,12,12,17,IER18006R
BD,ER18,148,148-ER18,6,20,2018,38.987276,-107.003089,4326,RTK,2979.4,Meadow,Meadow,FALSE,38,26,10,11,11,IER18006S
BD,ER18,149,149-ER18,6,20,2018,38.98745,-107.003168,4326,RTK,2979.4,Meadow,Meadow,FALSE,41,1,16,11,16,IER18006T
BD,ER18,150,150-ER18,6,20,2018,38.987137,-107.003327,4326,RTK,2975.7,Meadow,Meadow,FALSE,62,48,16,14,16,IER18006U
BD,ER18,151,151-ER18,6,20,2018,38.987337,-107.003229,4326,RTK,2978.3,Meadow,Meadow,FALSE,61,41,10,12,15,IER18006V
BD,ER18,152,152-ER18,6,20,2018,38.986541,-107.004165,4326,RTK,2959.7,Meadow,Meadow,FALSE,47,28,17,12,13,IER18006W
BD,ER18,153,153-ER18,6,20,2018,38.987249,-107.003371,4326,RTK,2976.1,Meadow,Meadow,FALSE,76,49,19,19,19,IER18006X
T403,ER18,154,154-ER18,6,20,2018,38.982841,-107.009746,4326,RTK,2982.4,Meadow,Meadow,FALSE,85,77,8,8,8,IER18006Y
BD,ER18,155,155-ER18,6,20,2018,38.987252,-107.003734,4326,RTK,2972.4,Meadow,Meadow,FALSE,43,24,10,12,14,IER18006Z
T403,ER18,156,156-ER18,6,20,2018,38.982871,-107.009586,4326,RTK,2978.1,Meadow,Meadow,FALSE,55,30,12,11,14,IER180070
T403,ER18,157,157-ER18,6,20,2018,38.982859,-107.009452,4326,RTK,2973.7,Meadow,Meadow,FALSE,44,27,9,10,10,IER180071
T403,ER18,158,158-ER18,6,20,2018,38.982892,-107.009407,4326,RTK,2972.5,Meadow,Meadow,FALSE,97,80,8,8,8,IER180072
T403,ER18,159,159-ER18,6,20,2018,,,,,,Meadow,Meadow,FALSE,119,110,7,8,11,IER180073
T403,ER18,160,160-ER18,6,20,2018,38.982966,-107.009264,4326,RTK,2967.5,Meadow,Meadow,FALSE,68,45,7,10,13,IER180074
T403,ER18,161,161-ER18,6,20,2018,38.982985,-107.009213,4326,RTK,2966.3,Meadow,Meadow,FALSE,81,55,12,17,NA,IER180075
T403,ER18,162,162-ER18,6,20,2018,38.982996,-107.009133,4326,RTK,2964.3,Meadow,Meadow,FALSE,50,30,13,10,11,IER180076
T403,ER18,163,163-ER18,6,20,2018,38.983061,-107.009025,4326,RTK,2961.5,Meadow,Meadow,FALSE,90,64,7,12,9,IER180077
WGM,ER18,164,164-ER18,6,20,2018,38.93742,-107.012397,4326,RTK,2976.8,Meadow,Meadow,FALSE,92,33,12,9,11,IER180078
WGM,ER18,165,165-ER18,6,20,2018,38.937357,-107.012355,4326,RTK,2975.5,Meadow,Meadow,FALSE,40,28,7,9,8,IER180079
WGM,ER18,166,166-ER18,6,20,2018,38.937319,-107.012521,4326,RTK,2973.9,Meadow,Meadow,FALSE,35,23,9,8,9,IER18007A
WGM,ER18,167,167-ER18,6,20,2018,38.937245,-107.012577,4326,RTK,2972.3,Meadow,Meadow,FALSE,27,14,8,9,8,IER18007B
WGM,ER18,168,168-ER18,6,20,2018,38.93711,-107.012596,4326,RTK,2970,Meadow,Meadow,FALSE,68,45,18,15,15,IER18007C
WGM,ER18,169,169-ER18,6,20,2018,38.937476,-107.011775,4326,RTK,2983.5,Meadow,Meadow,FALSE,80,60,14,15,16,IER18007D
WGM,ER18,170,170-ER18,6,20,2018,38.937422,-107.011734,4326,RTK,2983.2,Meadow,Meadow,FALSE,24,22,18,18,18,IER18007E
WGM,ER18,171,171-ER18,6,20,2018,38.93729,-107.01181,4326,RTK,2980.6,Meadow,Meadow,FALSE,100,56,7,9,10,IER18007F
WGM,ER18,172,172-ER18,6,20,2018,38.937374,-107.011928,4326,RTK,2979.6,Meadow,Meadow,FALSE,41,27,9,10,11,IER18007G
WGM,ER18,173,173-ER18,6,20,2018,38.93721,-107.012039,4326,RTK,2974.6,Meadow,Meadow,FALSE,75,70,11,11,18,IER18007H
WGM,ER18,174,174-ER18,6,20,2018,38.936374,-107.011911,4326,RTK,2971.8,Meadow,Meadow,FALSE,59,27,12,12,12,IER18007I
WGM,ER18,175,175-ER18,6,20,2018,,,,,,Meadow,Meadow,FALSE,58,44,10,10,9,IER18007J
WGM,ER18,176,176-ER18,6,20,2018,38.936167,-107.011888,4326,RTK,2964.7,Meadow,Meadow,FALSE,118,63,8,9,9,IER18007K
UC,ER18,177,177-ER18,6,21,2018,38.856311,-107.09725,4326,RTK,3010.8,Tree,Engelmann,TRUE,,,,,,IER180033
UC,ER18,178,178-ER18,6,21,2018,38.857553,-107.097923,4326,RTK,3014.7,Tree,Engelmann,TRUE,,,,,,IER180034
UC,ER18,179,179-ER18,6,21,2018,38.857521,-107.098173,4326,RTK,3018.2,Tree,Engelmann,TRUE,,,,,,IER180035
WGM,ER18,180,180-ER18,6,20,2018,38.934887,-107.011697,4326,RTK,2948.1,Meadow,Meadow,FALSE,70,55,87,86,86,IER18007L
UC,ER18,181,181-ER18,6,21,2018,38.856687,-107.098712,4326,RTK,3036,Tree,Engelmann,TRUE,,,,,,IER180036
WGM,ER18,182,182-ER18,6,20,2018,38.934645,-107.012104,4326,RTK,2945.8,Meadow,Meadow,FALSE,40,36,43,39,42,IER18007M
UC,ER18,183,183-ER18,6,21,2018,38.857012,-107.091689,4326,RTK,3014.5,Tree,Engelmann,TRUE,,,,,,IER180037
UC,ER18,184,184-ER18,6,21,2018,38.857117,-107.09118,4326,RTK,3031.9,Tree,Aspen,FALSE,,,,,,IER18000H
UC,ER18,185,185-ER18,6,21,2018,38.858074,-107.091127,4326,RTK,3068.9,Tree,Aspen,FALSE,,,,,,IER18000I
UC,ER18,186,186-ER18,6,21,2018,38.858369,-107.092139,4326,RTK,3045.9,Tree,Aspen,FALSE,,,,,,IER18000J
UC,ER18,187,187-ER18,6,21,2018,38.857959,-107.09264,4326,RTK,3020,Tree,Engelmann,TRUE,,,,,,IER180038
UC,ER18,188,188-ER18,6,21,2018,38.856819,-107.091746,4326,RTK,3007.6,Tree,SubFir,TRUE,,,,,,IER1800C6
UC,ER18,189,189-ER18,6,21,2018,38.858264,-107.096904,4326,RTK,3005.4,Shrub,PotFru,FALSE,45,,8,9,10,IER1800BL
UC,ER18,190,190-ER18,6,21,2018,38.857983,-107.096746,4326,RTK,3004,Shrub,planifolia,FALSE,113.8,,14,18,17,IER1800B1
UC,ER18,191,191-ER18,6,21,2018,38.857126,-107.096818,4326,RTK,3006.2,Shrub,boothii,FALSE,122.2,,14,11,9,IER18001C
UC,ER18,192,192-ER18,6,21,2018,38.856731,-107.0971,4326,RTK,3008,Shrub,drumm,FALSE,330.4,,13,9,12,IER180027
UC,ER18,193,193-ER18,6,21,2018,38.8573,-107.096386,4326,RTK,3001.2,Shrub,planifolia,FALSE,83.9,,60,45,43,IER1800B2
UC,ER18,194,194-ER18,6,21,2018,38.857841,-107.095082,4326,RTK,3001.1,Shrub,planifolia,FALSE,196.5,,18,15,19,IER1800B3
UC,ER18,195,195-ER18,6,21,2018,38.856785,-107.092735,4326,RTK,2995.6,Shrub,planifolia,FALSE,161.5,,58,61,63,IER1800B4
UC,ER18,196,196-ER18,6,21,2018,38.857021,-107.092315,4326,RTK,3003.8,Shrub,PotFru,FALSE,54.4,,8,9,6,IER1800BM
UC,ER18,197,197-ER18,6,21,2018,38.856692,-107.092087,4326,RTK,3001.3,Shrub,boothii,FALSE,279.4,,23,11,16,IER18001D
UC,ER18,198,198-ER18,6,21,2018,38.857258,-107.092679,4326,RTK,3006.9,Shrub,PotFru,FALSE,33.3,,5,6,7,IER1800BN
UC,ER18,199,199-ER18,6,21,2018,38.857451,-107.097485,4326,RTK,3011.4,Meadow,Meadow,FALSE,47,20,13,8,,IER18007N
UC,ER18,200,200-ER18,6,21,2018,38.857508,-107.097354,4326,RTK,3009.8,Meadow,Meadow,FALSE,43,27,12,12,9,IER18007O
UC,ER18,201,201-ER18,6,21,2018,38.857565,-107.097165,4326,RTK,3007.1,Meadow,Meadow,FALSE,44,18,7,9,12,IER18007P
UC,ER18,202,202-ER18,6,21,2018,38.857651,-107.097156,4326,RTK,3005.9,Meadow,Meadow,FALSE,39,18,15,15,14,IER18007Q
UC,ER18,203,203-ER18,6,21,2018,,,,,,Meadow,Meadow,FALSE,55,29,75,54,50,IER18007R
UC,ER18,204,204-ER18,6,21,2018,38.856574,-107.092377,4326,RTK,2997.3,Meadow,Meadow,FALSE,44,30,52,50,55,IER18007S
UC,ER18,205,205-ER18,6,21,2018,38.856762,-107.092187,4326,RTK,3000.4,Meadow,Meadow,FALSE,78,60,8,9,6,IER18007T
UC,ER18,206,206-ER18,6,21,2018,38.856826,-107.092154,4326,RTK,3001.6,Meadow,Meadow,FALSE,60,30,10,12,8,IER18007U
UC,ER18,207,207-ER18,6,21,2018,38.856899,-107.092104,4326,RTK,3003.4,Meadow,Meadow,FALSE,31,21,10,5,5,IER18007V
UC,ER18,208,208-ER18,6,21,2018,38.857287,-107.097849,4326,RTK,3015.6,Meadow,Meadow,FALSE,61,35,22,25,12,IER18007W
UC,ER18,209,209-ER18,6,21,2018,,,,,,Meadow,Meadow,FALSE,92,75,36,44,49,IER18007X
UC,ER18,210,210-ER18,6,21,2018,,,,,,Meadow,Meadow,FALSE,56,18,20,13,41,IER18007Y
UC,ER18,211,211-ER18,6,21,2018,38.85705,-107.091953,4326,RTK,3010,Meadow,Meadow,FALSE,47,24,8,8,9,IER18007Z
UC,ER18,212,212-ER18,6,21,2018,38.857119,-107.091897,4326,RTK,3013.6,Meadow,Meadow,FALSE,37,19,10,7,11,IER180080
UC,ER18,213,213-ER18,6,21,2018,38.857161,-107.091847,4326,RTK,3016.9,Meadow,Meadow,FALSE,55,20,8,8,7,IER180081
UC,ER18,214,214-ER18,6,21,2018,38.857266,-107.091752,4326,RTK,3022.8,Meadow,Meadow,FALSE,104,27,11,7,8,IER180082
UC,ER18,215,215-ER18,6,21,2018,38.85733,-107.091696,4326,RTK,3026.9,Meadow,Meadow,FALSE,70,55,3,8,7,IER180083
UC,ER18,216,216-ER18,6,21,2018,38.857385,-107.091634,4326,RTK,3030.9,Meadow,Meadow,FALSE,63,30,8,8,16,IER180084
UC,ER18,217,217-ER18,6,21,2018,38.857654,-107.0917,4326,RTK,3040.6,Meadow,Meadow,FALSE,60,25,8,8,10,IER180085
UC,ER18,218,218-ER18,6,21,2018,38.857769,-107.091583,4326,RTK,3048.1,Meadow,Meadow,FALSE,67,30,11,8,10,IER180086
WGU,ER18,219,219-ER18,6,22,2018,38.962247,-107.03002,4326,RTK,3227.9,Meadow,Meadow,FALSE,74,30,12,11,11,IER180087
WGU,ER18,220,220-ER18,6,22,2018,38.962189,-107.030086,4326,RTK,3225.4,Meadow,Meadow,FALSE,65,24,9,12,6,IER180088
WGU,ER18,221,221-ER18,6,22,2018,38.962125,-107.030153,4326,RTK,3222.4,Meadow,Meadow,FALSE,62,30,9,11,9,IER180089
WGU,ER18,222,222-ER18,6,22,2018,38.962079,-107.030198,4326,RTK,3219.9,Meadow,Meadow,FALSE,61,19,9,11,6,IER18008A
WGU,ER18,223,223-ER18,6,22,2018,38.961962,-107.030189,4326,RTK,3215.1,Meadow,Meadow,FALSE,82,65,8,11,9,IER18008B
WGU,ER18,224,224-ER18,6,22,2018,38.961815,-107.030299,4326,RTK,3207,Meadow,Meadow,FALSE,72,40,9,7,7,IER18008C
WGU,ER18,225,225-ER18,6,22,2018,38.961778,-107.030368,4326,RTK,3204.9,Meadow,Meadow,FALSE,73,47,9,9,7,IER18008D
WGU,ER18,226,226-ER18,6,22,2018,38.961795,-107.030443,4326,RTK,3204.8,Meadow,Meadow,FALSE,62,30,8,10,9,IER18008E
WGU,ER18,227,227-ER18,6,22,2018,38.961713,-107.030499,4326,RTK,3202.3,Meadow,Meadow,FALSE,58,40,9,9,6,IER18008F
WGU,ER18,228,228-ER18,6,22,2018,38.961576,-107.030588,4326,RTK,3199.6,Meadow,Meadow,FALSE,81,50,5,6,7,IER18008G
WGU,ER18,229,229-ER18,6,22,2018,38.961823,-107.029642,4326,RTK,3215.7,Meadow,Meadow,FALSE,54,33,9,6,7,IER18008H
WGU,ER18,230,230-ER18,6,22,2018,,,,,,Meadow,Meadow,FALSE,71,35,7,5,4,IER18008I
WGU,ER18,231,231-ER18,6,22,2018,,,,,,Meadow,Meadow,FALSE,80,65,,,,IER18008J
WGU,ER18,232,232-ER18,6,22,2018,38.961553,-107.029623,4326,RTK,3202,Meadow,Meadow,FALSE,64,30,4,3,5,IER18008K
WGU,ER18,233,233-ER18,6,22,2018,38.961518,-107.029599,4326,RTK,3199.6,Meadow,Meadow,FALSE,52,35,6,4,4,IER18008L
WGU,ER18,234,234-ER18,6,22,2018,38.961494,-107.029633,4326,RTK,3199,Meadow,Meadow,FALSE,45,15,5,5,6,IER18008M
WGU,ER18,235,235-ER18,6,22,2018,38.961441,-107.029811,4326,RTK,3199.3,Meadow,Meadow,FALSE,68,42,6,5,6,IER18008N
WGU,ER18,236,236-ER18,6,22,2018,38.960791,-107.029659,4326,RTK,3163.4,Meadow,Meadow,FALSE,113,80,11,6,5,IER18008O
WGU,ER18,237,237-ER18,6,22,2018,38.960682,-107.02968,4326,RTK,3160.8,Meadow,Meadow,FALSE,100,92,14,12,18,IER18008P
WGU,ER18,238,238-ER18,6,22,2018,38.960587,-107.029711,4326,RTK,3158.8,Meadow,Meadow,FALSE,140,80,12,10,6,IER18008Q
WGU,ER18,239,239-ER18,6,22,2018,38.962414,-107.029572,4326,RTK,3233,Shrub,Gooseberry,FALSE,81.6,,10,12,14,IER18004M
WGU,ER18,240,240-ER18,6,22,2018,38.962537,-107.029785,4326,RTK,3237,Shrub,Elderberry,FALSE,88.4,,9,14,8,IER18002D
WGU,ER18,241,241-ER18,6,22,2018,38.961612,-107.029544,4326,RTK,3203.6,Shrub,LigPor,FALSE,97.6,,7,7,6,IER18004U
WGU,ER18,242,242-ER18,6,22,2018,38.96149,-107.029351,4326,RTK,3195.1,Shrub,Elderberry,FALSE,122.1,,10,10,8,IER18002E
WGU,ER18,243,243-ER18,6,22,2018,38.961143,-107.030091,4326,RTK,3191.1,Shrub,glauca,FALSE,205,,8,8,9,IER18004L
WGU,ER18,244,244-ER18,6,22,2018,38.960816,-107.029539,4326,RTK,3161.1,Shrub,CorCas,FALSE,149.8,,9,8,10,IER18001Z
WGU,ER18,245,245-ER18,6,22,2018,38.960684,-107.029593,4326,RTK,3158.9,Shrub,boothii,FALSE,225.5,,7,8,6,IER18001E
WGU,ER18,246,246-ER18,6,22,2018,38.960306,-107.029565,4326,RTK,3148.3,Shrub,boothii,FALSE,232.2,,10,9,13,IER18001F
WGU,ER18,247,247-ER18,6,22,2018,38.960089,-107.02961,4326,RTK,3145.1,Shrub,CorCas,FALSE,134.5,,29,24,13,IER180020
WGU,ER18,248,248-ER18,6,22,2018,38.960647,-107.031969,4326,RTK,3163.3,Shrub,boothii,FALSE,206.3,,13,12,13,IER18001G
WGU,ER18,249,249-ER18,6,22,2018,38.961513,-107.028596,4326,RTK,3186.6,Tree,Aspen,FALSE,,,,,,IER18000K
WGU,ER18,250,250-ER18,6,22,2018,38.961528,-107.029006,4326,RTK,3195.3,Tree,Aspen,FALSE,,,,,,IER18000L
WGU,ER18,251,251-ER18,6,22,2018,38.961855,-107.028641,4326,RTK,3203.8,Tree,SubFir,TRUE,,,,,,IER1800C7
WGU,ER18,252,252-ER18,6,22,2018,38.962088,-107.028835,4326,RTK,3214.5,Tree,Engelmann,TRUE,,,,,,IER180039
WGU,ER18,253,253-ER18,6,22,2018,38.962148,-107.029365,4326,RTK,3229.4,Tree,SubFir,TRUE,,,,,,IER1800C8
WGU,ER18,254,254-ER18,6,22,2018,38.962183,-107.029371,4326,RTK,3230.4,Tree,SubFir,TRUE,,,,,,IER1800C9
WGU,ER18,255,255-ER18,6,22,2018,38.963379,-107.029352,4326,RTK,3246.6,Tree,Engelmann,TRUE,,,,,,IER18003A
WGU,ER18,256,256-ER18,6,22,2018,38.963368,-107.028359,4326,RTK,3247.9,Tree,Aspen,FALSE,,,,,,IER18000M
WGU,ER18,257,257-ER18,6,22,2018,38.963425,-107.027314,4326,RTK,3245.9,Tree,Engelmann,TRUE,,,,,,IER18003B
WGU,ER18,258,258-ER18,6,22,2018,38.962724,-107.029927,4326,RTK,3235.3,Tree,Engelmann,TRUE,,,,,,IER18003C
RCK,ER18,259,259-ER18,6,23,2018,38.979452,-107.040201,4326,RTK,3480.5,Meadow,Meadow,FALSE,26,13,28,25,26,IER18008R
RCK,ER18,260,260-ER18,6,23,2018,38.979704,-107.040456,4326,RTK,3479.8,Meadow,Meadow,FALSE,19,7,13,11,13,IER18008S
RCK,ER18,261,261-ER18,6,23,2018,38.979984,-107.040429,4326,RTK,3477.6,Meadow,Meadow,FALSE,26,11,12,13,14,IER18008T
RCK,ER18,262,262-ER18,6,23,2018,38.980581,-107.040025,4326,RTK,3473.4,Meadow,Meadow,FALSE,23,13,26,37,18,IER18008U
RCK,ER18,263,263-ER18,6,23,2018,38.980202,-107.04028,4326,RTK,3475.4,Meadow,Meadow,FALSE,43,14,35,31,25,IER18008V
RCK,ER18,264,264-ER18,6,23,2018,38.980142,-107.040122,4326,RTK,3475.4,Meadow,Meadow,FALSE,29,15,17,26,20,IER18008W
RCK,ER18,265,265-ER18,6,23,2018,38.98046,-107.039981,4326,RTK,3473.1,Meadow,Meadow,FALSE,25,17,43,41,47,IER18008X
RCK,ER18,266,266-ER18,6,23,2018,38.980912,-107.040127,4326,RTK,3473.8,Meadow,Meadow,FALSE,47,33,16,16,13,IER18008Y
RCK,ER18,267,267-ER18,6,23,2018,38.980898,-107.040219,4326,RTK,3474.1,Meadow,Meadow,FALSE,39,29,11,8,12,IER18008Z
RCK,ER18,268,268-ER18,6,23,2018,38.981207,-107.040314,4326,RTK,3476.1,Meadow,Meadow,FALSE,42,18,16,15,16,IER180090
RCK,ER18,269,269-ER18,6,23,2018,38.979832,-107.03777,4326,RTK,3456.4,Meadow,Meadow,FALSE,69,34,12,11,13,IER180091
RCK,ER18,270,270-ER18,6,23,2018,38.979831,-107.038099,4326,RTK,3461.8,Meadow,Meadow,FALSE,46,19,8,9,10,IER180092
RCK,ER18,271,271-ER18,6,23,2018,38.979362,-107.038357,4326,RTK,3463.9,Meadow,Meadow,FALSE,37,10,10,10,6,IER180093
RCK,ER18,272,272-ER18,6,23,2018,38.979392,-107.038219,4326,RTK,3461.9,Meadow,Meadow,FALSE,97,80,14,16,11,IER180094
RCK,ER18,273,273-ER18,6,23,2018,38.97945,-107.03773,4326,RTK,3455.8,Meadow,Meadow,FALSE,34,35,24,31,28,IER180095
RCK,ER18,274,274-ER18,6,23,2018,38.979414,-107.037741,4326,RTK,3455.9,Meadow,Meadow,FALSE,52,41,27,23,30,IER180096
RCK,ER18,275,275-ER18,6,23,2018,38.979185,-107.037688,4326,RTK,3456.4,Meadow,Meadow,FALSE,49,18,19,13,16,IER180097
RCK,ER18,276,276-ER18,6,23,2018,38.979116,-107.037513,4326,RTK,3455.2,Meadow,Meadow,FALSE,35,16,67,62,68,IER180098
RCK,ER18,277,277-ER18,6,23,2018,38.978788,-107.037445,4326,RTK,3457.3,Meadow,Meadow,FALSE,35,20,38,16,26,IER180099
RCK,ER18,278,278-ER18,6,23,2018,38.9786,-107.037665,4326,RTK,3459.2,Meadow,Meadow,FALSE,46,40,16,22,27,IER18009A
RCK,ER18,279,279-ER18,6,23,2018,38.978592,-107.037372,4326,RTK,3458.8,Shrub,Gooseberry,FALSE,62.3,,12,16,14,IER18004N
RCK,ER18,280,280-ER18,6,23,2018,38.979251,-107.037505,4326,RTK,3456.4,Shrub,planifolia,FALSE,195.3,,46,53,47,IER1800B5
RCK,ER18,281,281-ER18,6,23,2018,38.979314,-107.037784,4326,RTK,3457.1,Shrub,wolfii,FALSE,96.3,,27,20,22,IER1800CU
RCK,ER18,282,282-ER18,6,23,2018,38.97966,-107.037846,4326,RTK,3457.2,Shrub,SubFir,TRUE,215.4,,9,11,7,IER1800CA
RCK,ER18,283,283-ER18,6,23,2018,38.98052,-107.039897,4326,RTK,3473.5,Shrub,planifolia,FALSE,139.6,,44,43,43,IER1800B6
RCK,ER18,284,284-ER18,6,23,2018,38.981278,-107.039878,4326,RTK,3478.6,Shrub,wolfii,FALSE,176,,22,16,14,IER1800CV
RCK,ER18,285,285-ER18,6,23,2018,38.980509,-107.03847,4326,RTK,3462,Shrub,CorCas,FALSE,77,,8,7,5,IER180021
RCK,ER18,286,286-ER18,6,23,2018,38.980663,-107.038926,4326,RTK,3474.2,Shrub,Elderberry,FALSE,85.6,,6,7,5,IER18002F
RCK,ER18,287,287-ER18,6,23,2018,38.980686,-107.038926,4326,RTK,3474.1,Shrub,CorCas,FALSE,108.5,,8,4,6,IER180022
RCK,ER18,288,288-ER18,6,23,2018,38.979679,-107.038568,4326,RTK,3469.3,Shrub,DisInv,FALSE,44.8,,6,3,4,IER180024
RCK,ER18,289,289-ER18,6,23,2018,38.979871,-107.036647,4326,RTK,3450.2,Tree,Engelmann,TRUE,,,,,,IER18003D
RCK,ER18,290,290-ER18,6,23,2018,38.978912,-107.035845,4326,RTK,3458.2,Tree,SubFir,TRUE,,,,,,IER1800CB
RCK,ER18,291,291-ER18,6,23,2018,38.980041,-107.036317,4326,RTK,3443.3,Tree,Engelmann,TRUE,,,,,,IER18003E
RCK,ER18,292,292-ER18,6,23,2018,38.978067,-107.039264,4326,RTK,3491.8,Tree,Engelmann,TRUE,,,,,,IER18003F
RCK,ER18,293,293-ER18,6,23,2018,38.978463,-107.035729,4326,RTK,3456.1,Tree,Engelmann,TRUE,,,,,,IER18003G
RCK,ER18,294,294-ER18,6,23,2018,38.978888,-107.035751,4326,RTK,3456.3,Tree,Engelmann,TRUE,,,,,,IER18003H
RCK,ER18,295,295-ER18,6,23,2018,38.979906,-107.036394,4326,RTK,3444.9,Tree,Engelmann,TRUE,,,,,,IER18003I
RCK,ER18,296,296-ER18,6,23,2018,38.978468,-107.039597,4326,RTK,3494.1,Tree,Engelmann,TRUE,,,,,,IER18003J
RCK,ER18,297,297-ER18,6,23,2018,38.977129,-107.039625,4326,RTK,3490.5,Tree,Engelmann,TRUE,,,,,,IER18003K
RCK,ER18,298,298-ER18,6,23,2018,38.97827,-107.040309,4326,RTK,3497.1,Tree,Engelmann,TRUE,,,,,,IER18003L
LS,ER18,299,299-ER18,6,25,2018,38.907007,-107.027397,4326,RTK,2735.2,Tree,Lodgepole,TRUE,,,,,,IER180050
LS,ER18,300,300-ER18,6,25,2018,38.907654,-107.028088,4326,RTK,2725.7,Tree,Lodgepole,TRUE,,,,,,IER180051
LS,ER18,301,301-ER18,6,25,2018,38.908321,-107.02865,4326,RTK,2728,Tree,Lodgepole,TRUE,,,,,,IER180052
LS,ER18,302,302-ER18,6,25,2018,38.90806,-107.028737,4326,RTK,2732.1,Tree,Engelmann,TRUE,,,,,,IER18003M
LS,ER18,303,303-ER18,6,25,2018,38.908083,-107.028919,4326,RTK,2736.4,Tree,Lodgepole,TRUE,,,,,,IER180053
LS,ER18,304,304-ER18,6,25,2018,38.908741,-107.029898,4326,RTK,2747.1,Tree,Lodgepole,TRUE,,,,,,IER180054
LS,ER18,305,305-ER18,6,25,2018,38.908667,-107.029782,4326,RTK,2746.7,Tree,Lodgepole,TRUE,,,,,,IER180055
LS,ER18,306,306-ER18,6,25,2018,38.90706,-107.029263,4326,RTK,2756.6,Tree,Aspen,FALSE,,,,,,IER18000N
LS,ER18,307,307-ER18,6,25,2018,38.906297,-107.028861,4326,RTK,2770.7,Tree,Engelmann,TRUE,,,,,,IER18003N
LS,ER18,308,308-ER18,6,25,2018,38.90657,-107.028963,4326,RTK,2763.9,Tree,Aspen,FALSE,,,,,,IER18000O
LS,ER18,309,309-ER18,6,25,2018,38.90939,-107.028183,4326,RTK,2726.4,Shrub,wolfii,FALSE,144.2,,22,19,24,IER1800CW
LS,ER18,310,310-ER18,6,25,2018,38.909482,-107.028307,4326,RTK,2726.5,Shrub,brachy,FALSE,193.5,,22,15,14,IER18001T
LS,ER18,311,311-ER18,6,25,2018,38.909473,-107.028347,4326,RTK,2726.4,Shrub,Willow,FALSE,89.1,,25,25,22,IER1800CK
LS,ER18,312,312-ER18,6,25,2018,38.909423,-107.028663,4326,RTK,2726.1,Shrub,PotFru,FALSE,47,,19,16,22,IER1800BO
LS,ER18,313,313-ER18,6,25,2018,38.90973,-107.02862,4326,RTK,2726,Shrub,boothii,FALSE,145.6,,11,18,5,IER18001H
LS,ER18,314,314-ER18,6,25,2018,38.909654,-107.028595,4326,RTK,2726.5,Shrub,wolfii,FALSE,96,,4,3,4,IER1800CX
LS,ER18,315,315-ER18,6,25,2018,38.909576,-107.02843,4326,RTK,2726.3,Shrub,wolfii,FALSE,246.3,,10,9,6,IER1800CY
LS,ER18,316,316-ER18,6,25,2018,38.909457,-107.028485,4326,RTK,2726.2,Shrub,Willow,FALSE,280.5,,22,18,18,IER1800CL
LS,ER18,317,317-ER18,6,25,2018,38.909415,-107.028581,4326,RTK,2726.3,Shrub,Willow,FALSE,199.6,,15,18,11,IER1800CM
LS,ER18,318,318-ER18,6,25,2018,38.909569,-107.028309,4326,RTK,2726.1,Shrub,wolfii,FALSE,166.3,,25,22,19,IER1800CZ
PG,ER18,319,319-ER18,6,26,2018,38.952952,-107.066963,4326,RTK,2882.8,Tree,Engelmann,TRUE,,,,,,IER18003O
PG,ER18,320,320-ER18,6,26,2018,38.952891,-107.066963,4326,RTK,2882.7,Tree,Engelmann,TRUE,,,,,,IER18003P
PG,ER18,321,321-ER18,6,26,2018,38.95335,-107.066736,4326,RTK,2890.1,Tree,Aspen,FALSE,,,,,,IER18000P
PG,ER18,322,322-ER18,6,26,2018,38.953516,-107.066908,4326,RTK,2891.6,Tree,Aspen,FALSE,,,,,,IER18000Q
PG,ER18,323,323-ER18,6,26,2018,38.953568,-107.067108,4326,RTK,2893.1,Tree,Engelmann,TRUE,,,,,,IER18003Q
RM,ER18,324,324-ER18,6,25,2018,38.957479,-106.985487,4326,RTK,2916.2,Tree,SubFir,TRUE,,,,,,IER1800CC
RM,ER18,325,325-ER18,6,25,2018,38.957997,-106.986099,4326,RTK,2908.8,Tree,SubFir,TRUE,,,,,,IER1800CD
RM,ER18,326,326-ER18,6,25,2018,38.95805,-106.98464,4326,RTK,2916.6,Tree,Aspen,FALSE,,,,,,IER18000R
RM,ER18,327,327-ER18,6,25,2018,38.958101,-106.984375,4326,RTK,2917.7,Tree,Aspen,FALSE,,,,,,IER18000S
PG,ER18,328,328-ER18,6,26,2018,38.953243,-107.067405,4326,RTK,2892.4,Tree,Engelmann,TRUE,,,,,,IER18003R
PG,ER18,329,329-ER18,6,26,2018,38.953296,-107.06733,4326,RTK,2890.7,Tree,SubFir,TRUE,,,,,,IER1800CE
PG,ER18,330,330-ER18,6,26,2018,38.953702,-107.067912,4326,RTK,2903.8,Tree,Engelmann,TRUE,,,,,,IER18003S
PG,ER18,331,331-ER18,6,26,2018,38.953876,-107.067532,4326,RTK,2900.5,Tree,SubFir,TRUE,,,,,,IER1800CF
PG,ER18,332,332-ER18,6,26,2018,38.953579,-107.068066,4326,RTK,2903,Tree,Aspen,FALSE,,,,,,IER18000T
US,ER18,333,333-ER18,6,28,2018,38.975674,-107.064867,4326,RTK,3001.8,Tree,Engelmann,TRUE,,,,,,IER18003T
PG,ER18,334,334-ER18,6,26,2018,38.952801,-107.067222,4326,RTK,2885.6,Meadow,Meadow,FALSE,75,46,8,8,7,IER18009B
PG,ER18,335,335-ER18,6,26,2018,38.952763,-107.067112,4326,RTK,2884.2,Meadow,Meadow,FALSE,56,14,7,5,6,IER18009C
PG,ER18,336,336-ER18,6,26,2018,38.9528,-107.067049,4326,RTK,2883.5,Meadow,Meadow,FALSE,62,35,5,6,5,IER18009D
PG,ER18,337,337-ER18,6,26,2018,38.952661,-107.06678,4326,RTK,2878.9,Meadow,Meadow,FALSE,53,30,6,6,6,IER18009E
PG,ER18,338,338-ER18,6,26,2018,38.952748,-107.066667,4326,RTK,2877.6,Meadow,Meadow,FALSE,73,60,8,8,7,IER18009F
PG,ER18,339,339-ER18,6,26,2018,,,,,,Meadow,Meadow,FALSE,59,36,8,9,9,IER18009G
PG,ER18,340,340-ER18,6,26,2018,38.952785,-107.066362,4326,RTK,2877,Meadow,Meadow,FALSE,101,83,7,9,6,IER18009H
PG,ER18,341,341-ER18,6,26,2018,38.952902,-107.066366,4326,RTK,2878.6,Meadow,Meadow,FALSE,45,12,5,5,6,IER18009I
PG,ER18,342,342-ER18,6,26,2018,38.953093,-107.066267,4326,RTK,2879.5,Meadow,Meadow,FALSE,92,80,8,6,8,IER18009J
PG,ER18,343,343-ER18,6,26,2018,38.953073,-107.066128,4326,RTK,2878.3,Meadow,Meadow,FALSE,72,43,7,7,4,IER18009K
PG,ER18,344,344-ER18,6,26,2018,38.952732,-107.066315,4326,RTK,2876.4,Meadow,Meadow,FALSE,68,43,6,8,8,IER18009L
PG,ER18,345,345-ER18,6,26,2018,38.952445,-107.066184,4326,RTK,2873,Meadow,Meadow,FALSE,88,50,10,13,9,IER18009M
PG,ER18,346,346-ER18,6,26,2018,38.952428,-107.066703,4326,RTK,2875.7,Meadow,Meadow,FALSE,65,30,8,8,7,IER18009N
PG,ER18,347,347-ER18,6,26,2018,38.952701,-107.067035,4326,RTK,2882.5,Meadow,Meadow,FALSE,35,10,3,3,2,IER18009O
PG,ER18,348,348-ER18,6,26,2018,38.953783,-107.067735,4326,RTK,2901.9,Meadow,Meadow,FALSE,80,65,7,6,9,IER18009P
PG,ER18,349,349-ER18,6,26,2018,38.953783,-107.067528,4326,RTK,2899.6,Meadow,Meadow,FALSE,75,59,6,9,11,IER18009Q
PG,ER18,350,350-ER18,6,26,2018,,,,,,Meadow,Meadow,FALSE,38,16,8,8,10,IER18009R
MtC,ER18,351,351-ER18,6,27,2018,38.989335,-107.064026,4326,RTK,3438.4,Tree,Engelmann,TRUE,,,,,,IER18003U
MtC,ER18,352,352-ER18,6,27,2018,38.98921,-107.064276,4326,RTK,3442.8,Tree,Engelmann,TRUE,,,,,,IER18003V
MtC,ER18,353,353-ER18,6,27,2018,38.989272,-107.064335,4326,RTK,3441.1,Tree,Engelmann,TRUE,,,,,,IER18003W
PG,ER18,354,354-ER18,6,26,2018,38.953949,-107.069114,4326,RTK,2924.3,Shrub,Snowberry,FALSE,92.8,,6,5,3,IER1800BZ
PG,ER18,355,355-ER18,6,26,2018,38.953869,-107.069249,4326,RTK,2920.3,Shrub,Snowberry,FALSE,84.5,,6,7,6,IER1800C0
PG,ER18,356,356-ER18,6,26,2018,38.953725,-107.069765,4326,RTK,2914.9,Shrub,Snowberry,FALSE,107.3,,8,7,6,IER1800C1
PG,ER18,357,357-ER18,6,26,2018,38.953478,-107.069735,4326,RTK,2908.5,Shrub,PotFru,FALSE,60.3,,4,6,5,IER1800BP
PG,ER18,358,358-ER18,6,26,2018,38.953445,-107.069272,4326,RTK,2905.8,Shrub,Elderberry,FALSE,108.5,,5,4,3,IER18002G
PG,ER18,359,359-ER18,6,26,2018,38.95326,-107.069832,4326,RTK,2897.9,Shrub,Juniper,TRUE,81.8,,4,5,5,IER18004S
PG,ER18,360,360-ER18,6,26,2018,38.953212,-107.068711,4326,RTK,2896,Shrub,Snowberry,FALSE,145.6,,6,5,5,IER1800C2
PG,ER18,361,361-ER18,6,26,2018,38.953502,-107.067583,4326,RTK,2897,Shrub,boothii,FALSE,326.4,,9,8,8,IER18001I
PG,ER18,362,362-ER18,6,26,2018,38.953618,-107.067696,4326,RTK,2899.2,Shrub,Elderberry,FALSE,125.2,,6,4,7,IER18002H
PG,ER18,363,363-ER18,6,26,2018,38.953153,-107.067145,4326,RTK,2888.1,Shrub,boothii,FALSE,240.4,,9,9,10,IER18001J
MtC,ER18,364,364-ER18,6,27,2018,38.991428,-107.065407,4326,RTK,3450.4,Meadow,Meadow,FALSE,47,25,6,6,6,IER18009S
MtC,ER18,365,365-ER18,6,27,2018,38.991519,-107.065224,4326,RTK,3445.6,Meadow,Meadow,FALSE,35,14,8,9,9,IER18009T
MtC,ER18,366,366-ER18,6,27,2018,38.991636,-107.0649,4326,RTK,3441,Meadow,Meadow,FALSE,26,8,6,7,7,IER18009U
MtC,ER18,367,367-ER18,6,27,2018,38.991665,-107.064785,4326,RTK,3438.4,Meadow,Meadow,FALSE,36,23,5,7,8,IER18009V
MtC,ER18,368,368-ER18,6,27,2018,38.991559,-107.064678,4326,RTK,3432.5,Meadow,Meadow,FALSE,37,16,5,4,6,IER18009W
MtC,ER18,369,369-ER18,6,27,2018,38.991361,-107.064649,4326,RTK,3426.2,Meadow,Meadow,FALSE,60,18,12,15,20,IER18009X
MtC,ER18,370,370-ER18,6,27,2018,38.991227,-107.064553,4326,RTK,3420.1,Meadow,Meadow,FALSE,53,19,5,6,5,IER18009Y
MtC,ER18,371,371-ER18,6,27,2018,38.991121,-107.064481,4326,RTK,3417.3,Meadow,Meadow,FALSE,56,22,5,3,6,IER18009Z
MtC,ER18,372,372-ER18,6,27,2018,38.991034,-107.064271,4326,RTK,3413.7,Meadow,Meadow,FALSE,24,18,58,72,70,IER1800A0
MtC,ER18,373,373-ER18,6,27,2018,38.990856,-107.064132,4326,RTK,3412.2,Meadow,Meadow,FALSE,34,14,98,80,94,IER1800A1
MtC,ER18,374,374-ER18,6,27,2018,38.990756,-107.062669,4326,RTK,3390.1,Meadow,Meadow,FALSE,46,23,5,7,8,IER1800A2
MtC,ER18,375,375-ER18,6,27,2018,38.990709,-107.062275,4326,RTK,3386.3,Meadow,Meadow,FALSE,21,9,30,57,60,IER1800A3
MtC,ER18,376,376-ER18,6,27,2018,38.990558,-107.061659,4326,RTK,3384.4,Meadow,Meadow,FALSE,23,17,9,10,11,IER1800A4
MtC,ER18,377,377-ER18,6,27,2018,38.991022,-107.060881,4326,RTK,3377.9,Meadow,Meadow,FALSE,36,16,54,44,24,IER1800A5
MtC,ER18,378,378-ER18,6,27,2018,38.990831,-107.06046,4326,RTK,3380.6,Meadow,Meadow,FALSE,41,18,43,29,23,IER1800A6
MtC,ER18,379,379-ER18,6,27,2018,38.990865,-107.060051,4326,RTK,3382.5,Meadow,Meadow,FALSE,40,22,7,6,5,IER1800A7
MtC,ER18,380,380-ER18,6,27,2018,,,,,,Meadow,Meadow,FALSE,48,23,90,89,95,IER1800A8
MtC,ER18,381,381-ER18,6,27,2018,38.990445,-107.059866,4326,RTK,3388.2,Meadow,Meadow,FALSE,56,44,11,12,8,IER1800A9
MtC,ER18,382,382-ER18,6,27,2018,38.990447,-107.059751,4326,RTK,3388.9,Meadow,Meadow,FALSE,37,19,6,8,8,IER1800AA
MtC,ER18,383,383-ER18,6,27,2018,38.990356,-107.059586,4326,RTK,3394.4,Meadow,Meadow,FALSE,36,19,7,9,5,IER1800AB
MtC,ER18,384,384-ER18,6,27,2018,38.992046,-107.064607,4326,RTK,3442.4,Shrub,planifolia,FALSE,149.7,,9,11,11,IER1800B7
MtC,ER18,385,385-ER18,6,27,2018,38.992055,-107.064416,4326,RTK,3440.9,Shrub,wolfii,FALSE,157.1,,48,66,42,IER1800D0
MtC,ER18,386,386-ER18,6,27,2018,38.992416,-107.064079,4326,RTK,3436.7,Shrub,Gooseberry,FALSE,94.9,,9,10,6,IER18004O
MtC,ER18,387,387-ER18,6,27,2018,38.992294,-107.063598,4326,RTK,3415.4,Shrub,PotFru,FALSE,45.6,,3,6,4,IER1800BQ
MtC,ER18,388,388-ER18,6,27,2018,38.991552,-107.063015,4326,RTK,3389.6,Shrub,boothii,FALSE,162.8,,7,6,6,IER18001K
MtC,ER18,389,389-ER18,6,27,2018,38.991518,-107.062415,4326,RTK,3381.2,Shrub,planifolia,FALSE,135.6,,98,98,98,IER1800B8
MtC,ER18,390,390-ER18,6,27,2018,38.990631,-107.062338,4326,RTK,3389.1,Shrub,wolfii,FALSE,133.3,,9,11,9,IER1800D1
MtC,ER18,391,391-ER18,6,27,2018,38.990639,-107.061389,4326,RTK,3383.3,Shrub,wolfii,FALSE,66,,11,10,12,IER1800D2
MtC,ER18,392,392-ER18,6,27,2018,38.990704,-107.059972,4326,RTK,3384.6,Shrub,wolfii,FALSE,102.4,,10,20,14,IER1800D3
MtC,ER18,393,393-ER18,6,27,2018,38.990715,-107.059135,4326,RTK,3396.4,Shrub,wolfii,FALSE,116.3,,10,11,11,IER1800D4
MtC,ER18,394,394-ER18,6,27,2018,38.989216,-107.064396,4326,RTK,3442.2,Tree,Engelmann,TRUE,,,,,,IER18003X
MtC,ER18,395,395-ER18,6,27,2018,38.988792,-107.064244,4326,RTK,3444.5,Tree,Engelmann,TRUE,,,,,,IER18003Y
MtC,ER18,396,396-ER18,6,27,2018,38.9893,-107.063876,4326,RTK,3438.7,Tree,Engelmann,TRUE,,,,,,IER18003Z
MtC,ER18,397,397-ER18,6,27,2018,38.989602,-107.063444,4326,RTK,3425.2,Tree,SubFir,TRUE,,,,,,IER1800CG
MtC,ER18,398,398-ER18,6,27,2018,38.98909,-107.063117,4326,RTK,3434.1,Tree,Engelmann,TRUE,,,,,,IER180040
MtC,ER18,399,399-ER18,6,27,2018,38.989172,-107.063252,4326,RTK,3432.6,Tree,Engelmann,TRUE,,,,,,IER180041
US,ER18,400,400-ER18,6,28,2018,38.97594,-107.063818,4326,RTK,3048.2,Tree,Engelmann,TRUE,,,,,,IER180042
US,ER18,401,401-ER18,6,28,2018,38.975831,-107.06378,4326,RTK,3053.2,Tree,SubFir,TRUE,,,,,,IER1800CH
US,ER18,402,402-ER18,6,28,2018,38.975857,-107.06352,4326,RTK,3063.6,Tree,Engelmann,TRUE,,,,,,IER180043
US,ER18,403,403-ER18,6,28,2018,38.975994,-107.063313,4326,RTK,3067.3,Tree,Engelmann,TRUE,,,,,,IER180044
US,ER18,404,404-ER18,6,28,2018,38.975692,-107.065683,4326,RTK,2977.2,Meadow,Meadow,FALSE,86,28,7,7,8,IER1800AC
US,ER18,405,405-ER18,6,28,2018,38.97556,-107.065518,4326,RTK,2980.4,Meadow,Meadow,FALSE,43,23,6,7,6,IER1800AD
US,ER18,406,406-ER18,6,28,2018,38.975531,-107.065644,4326,RTK,2978.7,Meadow,Meadow,FALSE,72,53,8,13,8,IER1800AE
US,ER18,407,407-ER18,6,28,2018,38.975221,-107.065577,4326,RTK,2979.1,Meadow,Meadow,FALSE,40,21,8,5,7,IER1800AF
US,ER18,408,408-ER18,6,28,2018,38.975071,-107.065619,4326,RTK,2977.8,Meadow,Meadow,FALSE,100,37,9,10,17,IER1800AG
US,ER18,409,409-ER18,6,28,2018,38.974974,-107.065512,4326,RTK,2980.4,Meadow,Meadow,FALSE,95,48,7,6,7,IER1800AH
US,ER18,410,410-ER18,6,28,2018,38.974878,-107.065579,4326,RTK,2978.7,Meadow,Meadow,FALSE,94,85,6,13,14,IER1800AI
US,ER18,411,411-ER18,6,28,2018,38.974729,-107.065615,4326,RTK,2978.6,Meadow,Meadow,FALSE,62,14,7,7,9,IER1800AJ
US,ER18,412,412-ER18,6,28,2018,38.97452,-107.065199,4326,RTK,2989.3,Meadow,Meadow,FALSE,48,24,5,5,6,IER1800AK
US,ER18,413,413-ER18,6,28,2018,38.974396,-107.065299,4326,RTK,2983.2,Meadow,Meadow,FALSE,52,20,3,3,4,IER1800AL
US,ER18,414,414-ER18,6,28,2018,38.975789,-107.065553,4326,RTK,2979,Meadow,Meadow,FALSE,78,30,5,7,5,IER1800AM
US,ER18,415,415-ER18,6,28,2018,38.975698,-107.065349,4326,RTK,2983.8,Meadow,Meadow,FALSE,58,35,3,4,5,IER1800AN
US,ER18,416,416-ER18,6,28,2018,38.975754,-107.064998,4326,RTK,2995.2,Meadow,Meadow,FALSE,60,40,4,5,6,IER1800AO
US,ER18,417,417-ER18,6,28,2018,38.97593,-107.064697,4326,RTK,3005.7,Meadow,Meadow,FALSE,30,10,5,5,4,IER1800AP
US,ER18,418,418-ER18,6,28,2018,38.97694,-107.066442,4326,RTK,2977.6,Meadow,Meadow,FALSE,110,77,8,8,8,IER1800AQ
US,ER18,419,419-ER18,6,28,2018,38.977012,-107.066409,4326,RTK,2978.3,Meadow,Meadow,FALSE,77,70,4,9,6,IER1800AR
US,ER18,420,420-ER18,6,28,2018,38.976832,-107.066675,4326,RTK,2976.9,Meadow,Meadow,FALSE,55,40,8,6,8,IER1800AS
US,ER18,421,421-ER18,6,28,2018,38.976971,-107.066759,4326,RTK,2978.9,Meadow,Meadow,FALSE,35,10,12,14,14,IER1800AT
US,ER18,422,422-ER18,6,28,2018,38.97591,-107.065591,4326,RTK,2976.9,Meadow,Meadow,FALSE,54,20,6,7,7,IER1800AU
US,ER18,423,423-ER18,6,28,2018,38.975828,-107.065352,4326,RTK,2982,Meadow,Meadow,FALSE,64,25,8,7,8,IER1800AV
US,ER18,424,424-ER18,6,28,2018,38.974811,-107.066576,4326,RTK,2968.6,Shrub,PotFru,FALSE,83.1,,13,14,15,IER1800BR
US,ER18,425,425-ER18,6,28,2018,38.974758,-107.066719,4326,RTK,2965.9,Shrub,planifolia,FALSE,172.1,,10,5,9,IER1800B9
US,ER18,426,426-ER18,6,28,2018,38.975046,-107.066767,4326,RTK,2964.5,Shrub,boothii,FALSE,320,,9,9,7,IER18001L
US,ER18,427,427-ER18,6,28,2018,38.97565,-107.066022,4326,RTK,2974.3,Shrub,Gooseberry,FALSE,93.5,,9,8,8,IER18004P
US,ER18,428,428-ER18,6,28,2018,38.975754,-107.065489,4326,RTK,2980,Shrub,Raspberry,FALSE,66,,7,8,11,IER1800BS
US,ER18,429,429-ER18,6,28,2018,38.975779,-107.065109,4326,RTK,2991.6,Shrub,Juniper,TRUE,62.1,,11,7,7,IER18004T
US,ER18,430,430-ER18,6,28,2018,38.975525,-107.065176,4326,RTK,2990.4,Shrub,SorSco,FALSE,229.1,,8,6,8,IER1800C3
US,ER18,431,431-ER18,6,28,2018,38.975574,-107.067509,4326,RTK,2980.3,Shrub,boothii,FALSE,207.7,,20,10,9,IER18001M
US,ER18,432,432-ER18,6,28,2018,38.976189,-107.067314,4326,RTK,2986.7,Shrub,DisInv,FALSE,123.5,,5,3,3,IER180025
US,ER18,433,433-ER18,6,28,2018,38.976758,-107.066857,4326,RTK,2977.5,Shrub,Gooseberry,FALSE,99.9,,6,5,9,IER18004Q
US,ER18,434,434-ER18,6,28,2018,38.976855,-107.063534,4326,RTK,3055.9,Tree,Engelmann,TRUE,,,,,,IER180045
US,ER18,435,435-ER18,6,28,2018,38.976918,-107.06337,4326,RTK,3061.6,Tree,SubFir,TRUE,,,,,,IER1800CI
US,ER18,436,436-ER18,6,28,2018,38.976571,-107.064098,4326,RTK,3028.3,Tree,Aspen,FALSE,,,,,,IER18000U
US,ER18,437,437-ER18,6,28,2018,38.976806,-107.064869,4326,RTK,2995.1,Tree,Engelmann,TRUE,,,,,,IER180046
US,ER18,438,438-ER18,6,28,2018,38.976789,-107.064975,4326,RTK,2992.4,Tree,Engelmann,TRUE,,,,,,IER180047
US,ER18,439,439-ER18,7,23,2018,38.975495,-107.066906,4326,TrimbleGeoXT,2966.6,Shrub,planifolia,FALSE,151,,,,,IER1800BA
US,ER18,440,440-ER18,7,23,2018,38.975447,-107.067286,4326,TrimbleGeoXT,2973.6,Tree,Alder,FALSE,,,,,,IER180001
US,ER18,441,441-ER18,7,23,2018,38.975526,-107.067196,4326,TrimbleGeoXT,2974.3,Shrub,boothii,FALSE,192.8,,,,,IER18001N
US,ER18,442,442-ER18,7,23,2018,38.975468,-107.067108,4326,TrimbleGeoXT,2970.9,Shrub,geyer,FALSE,149.7,,,,,IER18004A
US,ER18,443,443-ER18,7,23,2018,38.97547,-107.067015,4326,TrimbleGeoXT,2968.1,Shrub,geyer,FALSE,98.1,,,,,IER18004B
PH,ER18,444,444-ER18,7,24,2018,,,,,,Shrub,wolfii,FALSE,141.7,,,,,IER1800D5
PH,ER18,445,445-ER18,7,24,2018,,,,,,Shrub,wolfii,FALSE,65.1,,,,,IER1800D6
PH,ER18,446,446-ER18,7,24,2018,,,,,,Shrub,wolfii,FALSE,144.2,,,,,IER1800D7
RW,ER18,447,447-ER18,7,25,2018,38.895138,-107.055345,4326,TrimbleGeoXT,3263.3,Shrub,planifolia,FALSE,156,,,,,IER1800BB
RW,ER18,448,448-ER18,7,25,2018,38.894959,-107.055299,4326,TrimbleGeoXT,3264.8,Shrub,planifolia,FALSE,233,,,,,IER1800BC
RW,ER18,449,449-ER18,7,25,2018,38.894922,-107.055344,4326,TrimbleGeoXT,3264.8,Meadow,CarSp,FALSE,,,,,,IER18001X
RW,ER18,450,450-ER18,7,25,2018,38.894319,-107.055171,4326,TrimbleGeoXT,3272.5,Shrub,planifolia,FALSE,99.3,,,,,IER1800BD
RW,ER18,451,451-ER18,7,25,2018,38.894302,-107.055243,4326,TrimbleGeoXT,3274,Shrub,planifolia,FALSE,160,,,,,IER1800BE
RW,ER18,452,452-ER18,7,25,2018,38.894333,-107.055276,4326,TrimbleGeoXT,3273.8,Meadow,CalStr,FALSE,,,,,,IER18001U
RW,ER18,453,453-ER18,7,25,2018,38.894282,-107.055089,4326,TrimbleGeoXT,3272.8,Meadow,CarAqu,FALSE,,,,,,IER18001V
LS,ER18,454,454-ER18,7,19,2018,,,,,,Shrub,geyer,FALSE,346.1,,,,,IER18004C
LS,ER18,455,455-ER18,7,19,2018,,,,,,Shrub,geyer,FALSE,245.3,,,,,IER18004D
LS,ER18,456,456-ER18,7,19,2018,,,,,,Shrub,geyer,FALSE,223.4,,,,,IER18004E
LS,ER18,457,457-ER18,7,19,2018,,,,,,Meadow,Meadow,FALSE,,,,,,IER1800AW
LC,ER18,458,458-ER18,7,27,2018,38.861323,-107.047094,4326,TrimbleGeoXT,2869.6,Shrub,geyer,FALSE,208.9,,,,,IER18004F
LC,ER18,459,459-ER18,7,27,2018,38.861282,-107.046908,4326,TrimbleGeoXT,2868.9,Shrub,geyer,FALSE,193.4,,,,,IER18004G
LC,ER18,460,460-ER18,7,27,2018,38.861097,-107.046666,4326,TrimbleGeoXT,2868.7,Shrub,drumm,FALSE,180.2,,,,,IER180028
RW,ER18,461,461-ER18,7,25,2018,38.894031,-107.05529,4326,TrimbleGeoXT,3277.4,Shrub,Bog Birch,FALSE,,,,,,IER18000V
RW,ER18,462,462-ER18,7,25,2018,38.894447,-107.053152,4326,TrimbleGeoXT,3284.1,Tree,Engelmann,TRUE,,,,,,IER180048
LC,ER18,463,463-ER18,7,27,2018,38.860938,-107.046985,4326,TrimbleGeoXT,2869.2,Shrub,wolfii,FALSE,89,,,,,IER1800D8
LC,ER18,464,464-ER18,7,27,2018,38.86105,-107.046998,4326,TrimbleGeoXT,2868.7,Meadow,CarUrt,FALSE,,,,,,IER18001Y
LC,ER18,465,465-ER18,7,27,2018,38.862329,-107.040086,4326,TrimbleGeoXT,2855.6,Shrub,geyer,FALSE,214.9,,,,,IER18004H
LC,ER18,466,466-ER18,7,27,2018,38.862215,-107.040158,4326,TrimbleGeoXT,2855.5,Shrub,drumm,FALSE,202.5,,,,,IER180029
LC,ER18,467,467-ER18,7,27,2018,38.862218,-107.040388,4326,TrimbleGeoXT,2856.7,Shrub,drumm,FALSE,197.6,,,,,IER18002A
LC,ER18,468,468-ER18,7,27,2018,38.862282,-107.040487,4326,TrimbleGeoXT,2855.9,Meadow,CarLen,FALSE,65,,,,,IER18001W
LC,ER18,469,469-ER18,7,30,2018,38.867383,-107.023035,4326,TrimbleGeoXT,2807.7,Shrub,boothii,FALSE,296.7,,,,,IER18001O
LC,ER18,470,470-ER18,7,30,2018,38.867429,-107.022713,4326,TrimbleGeoXT,2807.2,Shrub,wolfii,FALSE,129,,,,,IER1800D9
LC,ER18,471,471-ER18,7,30,2018,38.867677,-107.022195,4326,TrimbleGeoXT,2805.9,Shrub,boothii,FALSE,266.5,,,,,IER18001P
LC,ER18,472,472-ER18,7,30,2018,38.867855,-107.021832,4326,TrimbleGeoXT,2805.1,Shrub,geyer,FALSE,174.2,,,,,IER18004I
GS,ER18,474,474-ER18,7,30,2018,38.868239,-107.042181,4326,TrimbleGeoXT,3015.6,Tree,Lodgepole,TRUE,,,,,,IER180056
GS,ER18,475,475-ER18,7,30,2018,38.867972,-107.04175,4326,TrimbleGeoXT,3012.5,Tree,Lodgepole,TRUE,,,,,,IER180057
GS,ER18,476,476-ER18,7,30,2018,38.867825,-107.041729,4326,TrimbleGeoXT,3008,Tree,Lodgepole,TRUE,,,,,,IER180058
GS,ER18,477,477-ER18,7,30,2018,38.866244,-107.041369,4326,TrimbleGeoXT,3001.7,Tree,Engelmann,TRUE,,,,,,IER180049
GS,ER18,478,478-ER18,7,30,2018,38.866244,-107.040818,4326,TrimbleGeoXT,2953.3,Tree,Lodgepole,TRUE,,,,,,IER180059