SampleSiteID,SampleSiteCode,SampleID,IGSN,Analysis_date_yymmdd,Site_Veg,AreaAllN2,AreaAllCO2,d15N,d13C,N_weight_percent,C_weight_percent
1,001-ER18,001-ER18-FO,IER18005A,190131,Meadow,99.797,176.567,1.29,-25.97,3.35,45.94
2,002-ER18,002-ER18-FO,IER18005B,190131,Meadow,142.579,186.595,1.48,-26.57,4.53,45.98
3,003-ER18,003-ER18-FO,IER18005C,190131,Meadow,98.98,178.206,2.85,-26.38,3.28,45.77
4,004-ER18,004-ER18-FO,IER18005D,190131,Meadow,122.352,183.501,2.24,-25.8,4.02,46.8
5,005-ER18,005-ER18-FO,IER18005E,190131,Meadow,136.859,190.57,4,-25.67,4.35,47.03
6,006-ER18,006-ER18-FO,IER18005F,190131,Meadow,154.179,179.789,0.23,-25.61,5.17,46.75
7,007-ER18,007-ER18-FO,IER18005G,190131,Meadow,123.079,184.711,1.11,-26.14,4,46.59
8,008-ER18,008-ER18-FO,IER18005H,190131,Meadow,145.846,193.541,1.57,-26.07,4.53,46.67
9,009-ER18,009-ER18-FO,IER18005I,190131,Meadow,119.449,187.748,2.42,-24.07,3.8,46.33
10,010-ER18,010-ER18-FO,IER18005J,190131,Meadow,92.772,175.497,2.82,-26.4,2.94,43.21
11,011-ER18,011-ER18-FO,IER18005K,190131,Meadow,85.814,195.418,3.27,-26.74,2.64,47.21
12,012-ER18,012-ER18-FO,IER18005L,190131,Meadow,112.856,191.057,1.53,-26.99,3.47,46.1
13,013-ER18,013-ER18-FO,IER18005M,190131,Meadow,95.167,172.126,1.98,-26.28,3.14,44.58
14,014-ER18,014-ER18-FO,IER18005N,190131,Meadow,81.835,199.971,2.6,-26.6,2.53,48.47
15,015-ER18,015-ER18-FO,IER18005O,190131,Meadow,130.107,188.806,1.24,-26.25,4.02,45.73
16,016-ER18,016-ER18-FO,IER18005P,190131,Meadow,108.009,183.148,1.36,-26.34,3.36,44.73
17,017-ER18,017-ER18-FO,IER18005Q,190131,Meadow,128.927,190.003,1.25,-25.62,4.06,46.88
18,018-ER18,018-ER18-FO,IER18005R,190131,Meadow,89.141,186.596,0.82,-26.2,2.81,46.06
19,019-ER18,019-ER18-FO,IER18005S,190131,Meadow,122.755,182.576,1.09,-26.46,3.92,45.75
20,020-ER18,020-ER18-FO,IER18002I,190131,Engelmann,25.39,189.832,NA,-24.2,0.79,46.54
21,021-ER18,021-ER18-FO,IER1800CN,190131,wolfii,111.864,182.472,1.69,-24.61,3.66,46.82
22,022-ER18,022-ER18-FO,IER18000W,190131,boothii,112.788,197.42,1.58,-24.95,3.62,49.68
23,023-ER18,023-ER18-FO,IER1800CO,190131,wolfii,86.887,178.78,1.2,-26.12,2.87,46.25
24,024-ER18,024-ER18-FO,IER18000X,190131,boothii,129.944,195.754,2.32,-25.19,4.08,48.15
25,025-ER18,025-ER18-FO,IER1800BF,190131,PenFlo,90.097,172.193,1.35,-25.01,2.81,42.06
26,026-ER18,026-ER18-FO,IER1800BT,190131,ArtTri,71.294,195.166,1.76,-25.48,2.2,47.13
27,027-ER18,027-ER18-FO,IER1800CP,190131,wolfii,99.446,192.321,0.59,-25.36,3.07,46.62
28,028-ER18,028-ER18-FO,IER18001Q,190131,brachy,132.148,182.292,1.72,-24.51,4.08,44.15
29,029-ER18,029-ER18-FO,IER1800CQ,190131,wolfii,97.411,188.067,2.77,-25.38,3.04,45.97
30,030-ER18,030-ER18-FO,IER1800BG,190131,PenFlo,76.357,167.992,1.19,-24.23,2.47,42.7
31,031-ER18,031-ER18-FO,IER18002J,190131,Engelmann,29.334,198.863,NA,-25.28,0.9,47.7
32,032-ER18,032-ER18-FO,IER18002K,190131,Engelmann,24.525,193.141,NA,-25.22,0.77,47.65
33,033-ER18,033-ER18-FO,IER180002,190131,Aspen,108.618,203.579,0.81,-24.35,3.47,51.02
34,034-ER18,034-ER18-FO,IER180003,190131,Aspen,91.89,193.389,2.07,-24.52,3.09,51.07
35,035-ER18,035-ER18-FO,IER18002L,190131,Engelmann,30.217,187.899,NA,-24.72,0.99,48.04
36,036-ER18,036-ER18-FO,IER18002M,190131,Engelmann,27.33,192.785,NA,-25.13,0.87,47.96
37,037-ER18,037-ER18-FO,IER180004,190131,Aspen,103.448,203.113,2.75,-25.12,3.26,50.13
38,038-ER18,038-ER18-FO,IER18002N,190131,Engelmann,26.8,199.663,NA,-24.62,0.82,47.98
39,039-ER18,039-ER18-FO,IER18002O,190131,Engelmann,28.757,194.646,NA,-26.08,0.94,49.96
40,040-ER18,040-ER18-FO,IER18002P,190131,Engelmann,32.463,190.624,NA,-25.64,1.06,48.76
41,041-ER18,041-ER18-FO,IER18002Q,190131,Engelmann,19.871,170.324,NA,-24.49,0.67,44.71
42,042-ER18,042-ER18-FO,IER180005,190131,Aspen,81.012,192.649,3.79,-24.55,2.53,47.18
43,043-ER18,043-ER18-FO,IER18004V,190204,Lodgepole,34.731,197.125,-0.81,-26.11,1.12,50.02
44,044-ER18,044-ER18-FO,IER18005T,190204,Meadow,109.095,184.004,3.98,-24.65,3.52,46.62
45,045-ER18,045-ER18-FO,IER18005U,190204,Meadow,74.386,175.844,1.42,-26.59,2.53,46.91
46,046-ER18,046-ER18-FO,IER18005V,190204,Meadow,122.349,186.76,3.73,-25.41,3.87,46.35
47,047-ER18,047-ER18-FO,IER18005W,190204,Meadow,94.836,178.214,1.92,-26.72,3.09,45.65
48,048-ER18,048-ER18-FO,IER18005X,190204,Meadow,106.326,177.481,1.25,-26.53,3.39,44.51
49,049-ER18,049-ER18-FO,IER18005Y,190204,Meadow,70.067,194.211,1.39,-26.19,2.22,48.25
50,050-ER18,050-ER18-FO,IER18005Z,190204,Meadow,64.948,198.705,1.13,-26.54,2.02,48.44
51,051-ER18,051-ER18-FO,IER180060,190204,Meadow,121.305,188.064,1.84,-26.13,3.77,45.87
52,052-ER18,052-ER18-FO,IER180061,190204,Meadow,85.364,175.156,1.44,-25.15,2.73,44.05
53,053-ER18,053-ER18-FO,IER180062,190204,Meadow,103.712,179.599,1.58,-26.78,3.34,45.39
54,054-ER18,054-ER18-FO,IER180063,190204,Meadow,118.893,171.888,2.91,-26.14,3.85,43.71
55,055-ER18,055-ER18-FO,IER18000Y,190204,boothii,108.845,192.12,3.44,-25.86,3.45,47.82
56,056-ER18,056-ER18-FO,IER18000Z,190204,boothii,100.211,194.455,0.13,-25.86,3.28,50.01
57,057-ER18,057-ER18-FO,IER1800AX,190204,planifolia,90.899,163.712,4.55,-25.05,2.94,41.59
58,058-ER18,058-ER18-FO,IER180010,190204,boothii,100.899,182.803,4.19,-27.04,3.19,45.46
59,059-ER18,059-ER18-FO,IER180023,190204,DisInv,94.834,192.082,3.05,-23.82,3.02,48.02
60,060-ER18,060-ER18-FO,IER1800BH,190204,PenFlo,75.31,167.114,2.09,-25.8,2.48,43.31
61,061-ER18,061-ER18-FO,IER1800BW,190204,Snowberry,113.899,187.296,2.29,-23.11,3.71,47.86
62,062-ER18,062-ER18-FO,IER180011,190204,boothii,92.163,189.187,4.22,-25.78,3.03,48.8
63,063-ER18,063-ER18-FO,IER1800BX,190204,Snowberry,78.897,192.774,2.16,-24.65,2.52,48.38
64,064-ER18,064-ER18-FO,IER1800BY,190204,Snowberry,89.534,197.773,1.23,-24.76,2.83,49.06
65,065-ER18,065-ER18-FO,IER180064,190204,Meadow,126.65,185.705,2.88,-24.88,4.05,46.61
66,066-ER18,066-ER18-FO,IER180065,190204,Meadow,122.946,180.338,-0.13,-25.43,4.03,46.41
67,067-ER18,067-ER18-FO,IER180066,190204,Meadow,131.994,187.436,0.08,-25.64,4.1,45.7
68,068-ER18,068-ER18-FO,IER180067,190204,Meadow,100.395,179.08,-0.26,-26.89,3.25,45.53
69,069-ER18,069-ER18-FO,IER180068,190204,Meadow,156.9,186.878,-0.41,-25.22,4.96,46.38
70,070-ER18,070-ER18-FO,IER180069,190204,Meadow,95.643,178.521,-1.58,-27.51,3.03,44.48
71,071-ER18,071-ER18-FO,IER18006A,190204,Meadow,126.967,192.13,0.7,-25.39,3.95,47
72,072-ER18,072-ER18-FO,IER18006B,190204,Meadow,98.651,184.454,0.26,-25.96,3.12,45.8
73,073-ER18,073-ER18-FO,IER18006C,190204,Meadow,110.371,171.964,1.32,-25.67,3.74,45.78
74,074-ER18,074-ER18-FO,IER18006D,190204,Meadow,98.081,178.398,0.67,-24.75,3.15,44.98
75,075-ER18,075-ER18-FO,IER18006E,190205,Meadow,97.166,178.163,1.01,-26.38,3.11,44.44
76,076-ER18,076-ER18-FO,IER18006F,190205,Meadow,112.418,187.474,0.54,-26.36,3.5,45.49
77,077-ER18,077-ER18-FO,IER18006G,190205,Meadow,138.047,187.659,0.36,-25.26,4.4,46.6
78,078-ER18,078-ER18-FO,IER18006H,190205,Meadow,104.621,185.433,1.57,-25.27,3.29,45.43
79,079-ER18,079-ER18-FO,IER18006I,190205,Meadow,103.517,179.149,2.28,-24.44,3.4,45.9
80,080-ER18,080-ER18-FO,IER18006J,190205,Meadow,112.273,182.57,1.75,-25.29,3.61,45.79
81,081-ER18,081-ER18-FO,IER18006K,190205,Meadow,107.954,178.772,2.55,-25.39,3.56,45.99
82,082-ER18,082-ER18-FO,IER18006L,190205,Meadow,130.585,181.946,0.06,-25.01,4.24,46.07
83,083-ER18,083-ER18-FO,IER18006M,190205,Meadow,120.15,190.899,1.54,-25.81,3.76,46.59
84,084-ER18,084-ER18-FO,IER18006N,190205,Meadow,112.033,185.218,2.17,-25,3.55,45.76
85,085-ER18,085-ER18-FO,IER18002B,190205,Elderberry,135.547,186.918,0.55,-25.14,4.44,47.69
86,086-ER18,086-ER18-FO,IER180012,190205,boothii,134.024,199.487,-1.11,-26.8,4.2,48.73
87,087-ER18,087-ER18-FO,IER18002C,190205,Elderberry,155.551,198.101,0.26,-26.72,4.89,48.58
88,088-ER18,088-ER18-FO,IER18004J,190205,glauca,92.979,180.614,-0.97,-28.56,3.08,46.63
89,089-ER18,089-ER18-FO,IER180013,190205,boothii,100.973,197.172,-0.65,-26.69,3.26,49.6
90,090-ER18,090-ER18-FO,IER18004K,190205,glauca,112.843,190.62,-0.91,-27.19,3.53,46.45
91,091-ER18,091-ER18-FO,IER180014,190205,boothii,94.445,200.227,-2.83,-26.92,3.02,49.94
92,092-ER18,092-ER18-FO,IER180015,190205,boothii,85.139,192.716,-2.62,-27.5,2.82,49.68
93,093-ER18,093-ER18-FO,IER18001R,190205,brachy,96.853,185.333,-2.33,-25.91,3.11,46.32
94,094-ER18,094-ER18-FO,IER18004R,190205,Juniper,43.082,205.07,-4.11,-25.23,1.37,50.64
95,095-ER18,095-ER18-FO,IER18002R,190205,Engelmann,23.611,187.838,-2.42,-25.94,0.77,47.78
96,096-ER18,096-ER18-FO,IER18002S,190205,Engelmann,30.181,213.341,-5.23,-26.72,0.93,51.14
97,097-ER18,097-ER18-FO,IER180006,190205,Aspen,90.726,203.402,-2.62,-26.21,2.82,49.35
98,098-ER18,098-ER18-FO,IER18004W,190205,Lodgepole,27.327,208.536,-3.81,-27.13,0.84,50.08
99,099-ER18,099-ER18-FO,IER18004X,190205,Lodgepole,32.972,203.085,-1,-25.88,1.09,52.22
100,100-ER18,100-ER18-FO,IER18004Y,190205,Lodgepole,31.651,201.836,-4.39,-25.84,1.02,50.39
101,101-ER18,101-ER18-FO,IER18004Z,190205,Lodgepole,33.8,210.841,-4.03,-25.84,1.08,52.38
102,102-ER18,102-ER18-FO,IER180007,190205,Aspen,85.624,191.847,-2.71,-24.9,2.88,50.26
103,103-ER18,103-ER18-FO,IER180008,190205,Aspen,107.303,201.497,-1.83,-24.88,3.36,49.13
104,104-ER18,104-ER18-FO,IER1800CR,190205,wolfii,102.536,190.757,-1.26,-25.76,3.15,45.7
105,105-ER18,105-ER18-FO,IER1800CS,190205,wolfii,95.138,195.481,-4.55,-27.34,2.95,47.31
106,106-ER18,106-ER18-FO,IER180016,190205,boothii,99.305,188.231,-0.66,-26.66,3.25,48.03
107,107-ER18,107-ER18-FO,IER180017,190206,boothii,121.587,205.443,3.88,-26.01,3.88,50.68
108,108-ER18,108-ER18-FO,IER180018,190206,boothii,103.378,207.608,0.12,-25.5,3.24,50.33
109,109-ER18,109-ER18-FO,IER1800CT,190206,wolfii,81.42,181.607,-1.18,-26.75,2.71,46.78
110,110-ER18,110-ER18-FO,IER18001S,190206,brachy,95.785,185.965,-1.22,-28.14,3.02,45.4
111,111-ER18,111-ER18-FO,IER180026,190206,drumm,114.267,203.587,-1.66,-27.12,3.54,48.86
112,112-ER18,112-ER18-FO,IER1800BI,190206,PenFlo,90.432,176.615,-0.02,-24.78,2.81,42.47
113,113-ER18,113-ER18-FO,IER1800BJ,190206,PenFlo,93.8,175.903,-1.16,-25.7,2.95,42.81
114,114-ER18,114-ER18-FO,IER18002T,190206,Engelmann,26.224,178.821,-2.42,-25.75,0.83,43.76
115,115-ER18,115-ER18-FO,IER18002U,190206,Engelmann,24.884,182.124,-3.71,-24.39,0.79,44.55
116,116-ER18,116-ER18-FO,IER18002V,190206,Engelmann,26.961,192.635,-2.18,-26.18,0.83,45.96
117,117-ER18,117-ER18-FO,IER18002W,190110,Engelmann,25.85,184.606,0.91,-26.67,0.81,45.23
118,118-ER18,118-ER18-FO,IER180009,190110,Aspen,103.074,192.592,0.49,-26.19,3.4,49.51
119,119-ER18,119-ER18-FO,IER18002X,190110,Engelmann,27.891,182.399,0.98,-24.93,0.88,44.68
120,120-ER18,120-ER18-FO,IER1800C4,190110,SubFir,39.324,195.744,-1.53,-26.14,1.23,47.91
121,121-ER18,121-ER18-FO,IER18002Y,190110,Engelmann,31.938,187.116,0.21,-24.34,1.03,47.14
122,122-ER18,122-ER18-FO,IER18000A,190110,Aspen,97.239,199.361,-0.58,-26.23,3.13,49.96
123,123-ER18,123-ER18-FO,IER18000B,190110,Aspen,89.963,206.498,0.44,-26.55,2.84,50.77
124,124-ER18,124-ER18-FO,IER18002Z,190110,Engelmann,21.434,183.75,NA,-25.12,0.69,46.29
125,125-ER18,125-ER18-FO,IER180030,190110,Engelmann,18.398,184.622,NA,-24.83,0.61,47.83
126,126-ER18,126-ER18-FO,IER180031,190110,Engelmann,24.11,183.208,NA,-25.12,0.79,46.86
127,127-ER18,127-ER18-FO,IER1800C5,190110,SubFir,25.141,193.925,NA,-26.55,0.81,48.62
128,128-ER18,128-ER18-FO,IER18000C,190110,Aspen,89.641,214.244,0.9,-25.78,2.78,51.67
129,129-ER18,129-ER18-FO,IER18000D,190110,Aspen,87.737,188.935,0.55,-25.82,2.81,47.13
130,130-ER18,130-ER18-FO,IER18000E,190110,Aspen,78.151,185.182,-0.26,-26.13,2.47,45.61
131,131-ER18,131-ER18-FO,IER180032,190110,Engelmann,25.569,174.561,NA,-26,0.84,44.94
132,132-ER18,132-ER18-FO,IER18000F,190110,Aspen,83.471,187.444,0.1,-25.74,2.75,48.09
133,133-ER18,133-ER18-FO,IER18000G,190110,Aspen,84.419,198.682,-0.39,-26.26,2.76,50.57
134,134-ER18,134-ER18-FO,IER180019,190110,boothii,87.286,174.671,0.36,-24.03,2.8,43.63
135,135-ER18,135-ER18-FO,IER18001A,190110,boothii,105.694,189.452,-1.2,-25.49,3.6,50.24
136,136-ER18,136-ER18-FO,IER1800BK,190110,PenFlo,81.288,174.596,-0.26,-26.22,2.59,43.25
137,137-ER18,137-ER18-FO,IER1800AY,190110,planifolia,97.925,174.049,-1.65,-25.63,3.24,44.79
138,138-ER18,138-ER18-FO,IER1800BU,190110,ArtTri,74.582,182.137,-2.08,-25.33,2.53,48.14
139,139-ER18,139-ER18-FO,IER1800BV,190110,ArtTri,74.767,193.036,0.95,-25.33,2.43,48.78
140,140-ER18,140-ER18-FO,IER18001B,190110,boothii,114.53,176.389,-0.46,-24.82,3.86,46.31
141,141-ER18,141-ER18-FO,IER1800AZ,190110,planifolia,95.285,191.897,0.22,-25.03,3.14,49.26
142,142-ER18,142-ER18-FO,IER1800CJ,190110,Willow,108.523,206.97,-1,-25.76,3.39,50.39
143,143-ER18,143-ER18-FO,IER1800B0,190110,planifolia,108.601,196.626,1.08,-24.37,3.42,48.17
144,144-ER18,144-ER18-FO,IER18006O,190110,Meadow,102.643,175.524,-1.88,-25.34,3.37,44.85
145,145-ER18,145-ER18-FO,IER18006P,190110,Meadow,121.34,183.148,0.05,-26.49,3.89,45.73
146,146-ER18,146-ER18-FO,IER18006Q,190110,Meadow,121.65,194.937,-0.66,-25.58,3.78,47.14
147,147-ER18,147-ER18-FO,IER18006R,190110,Meadow,113.063,184.76,0.87,-24.72,3.69,46.95
148,148-ER18,148-ER18-FO,IER18006S,190110,Meadow,121.689,177.065,-0.52,-25.92,3.88,43.97
149,149-ER18,149-ER18-FO,IER18006T,190115,Meadow,95.573,181.162,-0.18,-26.29,3.25,47.05
150,150-ER18,150-ER18-FO,IER18006U,190115,Meadow,107.134,183.77,1.33,-26.41,3.51,46.02
151,151-ER18,151-ER18-FO,IER18006V,190115,Meadow,112.111,184.335,0.23,-25.72,3.62,45.52
152,152-ER18,152-ER18-FO,IER18006W,190115,Meadow,117.354,185.5,1.22,-26.3,3.78,45.72
153,153-ER18,153-ER18-FO,IER18006X,190115,Meadow,125.321,195.353,2.56,-26.4,3.9,46.46
154,154-ER18,154-ER18-FO,IER18006Y,190115,Meadow,108.677,173.892,2.27,-24.88,3.68,44.98
155,155-ER18,155-ER18-FO,IER18006Z,190115,Meadow,148.101,190.843,0.35,-25.19,4.74,46.73
156,156-ER18,156-ER18-FO,IER180070,190115,Meadow,107.111,185.622,0.97,-25.92,3.45,45.68
157,157-ER18,157-ER18-FO,IER180071,190115,Meadow,85.687,183.887,1.7,-25.99,2.72,44.65
158,158-ER18,158-ER18-FO,IER180072,190115,Meadow,120.558,193.455,2.27,-25.69,3.79,46.54
159,159-ER18,159-ER18-FO,IER180073,190115,Meadow,104.01,187.944,2.54,-25.33,3.3,45.59
160,160-ER18,160-ER18-FO,IER180074,190115,Meadow,108.654,194.314,1.8,-25.29,3.37,46.12
161,161-ER18,161-ER18-FO,IER180075,190115,Meadow,101.465,180.27,1.94,-25.61,3.32,45.08
162,162-ER18,162-ER18-FO,IER180076,190115,Meadow,113.575,185.681,2.22,-26.31,3.64,45.51
163,163-ER18,163-ER18-FO,IER180077,190115,Meadow,109.043,178.669,2.98,-25.25,3.61,45.25
164,164-ER18,164-ER18-FO,IER180078,190115,Meadow,84.718,174.675,0.39,-25.96,2.68,42.34
165,165-ER18,165-ER18-FO,IER180079,190115,Meadow,101.194,178.59,-0.86,-27.43,3.25,43.84
166,166-ER18,166-ER18-FO,IER18007A,190115,Meadow,113.103,177.893,0.28,-25.09,3.78,45.42
167,167-ER18,167-ER18-FO,IER18007B,190115,Meadow,76.925,179.577,1.32,-26.09,2.49,44.55
168,168-ER18,168-ER18-FO,IER18007C,190115,Meadow,96.887,190.824,2.84,-24.19,3.02,45.49
169,169-ER18,169-ER18-FO,IER18007D,190115,Meadow,108.223,182.967,2.31,-25.35,3.5,45.23
170,170-ER18,170-ER18-FO,IER18007E,190115,Meadow,125.327,184.959,-0.25,-25.69,3.99,44.98
171,171-ER18,171-ER18-FO,IER18007F,190115,Meadow,120.922,177.234,1.18,-26.09,3.92,43.9
172,172-ER18,172-ER18-FO,IER18007G,190115,Meadow,122.327,187.631,0.68,-26.6,3.85,45.14
173,173-ER18,173-ER18-FO,IER18007H,190115,Meadow,104.726,190.11,2.9,-24.17,3.32,46.12
174,174-ER18,174-ER18-FO,IER18007I,190115,Meadow,82.174,171.638,-0.51,-27.2,2.8,44.82
175,175-ER18,175-ER18-FO,IER18007J,190110,Meadow,82.648,183.761,0.97,-27.48,2.64,45.71
176,176-ER18,176-ER18-FO,IER18007K,190110,Meadow,100.862,184.717,2.59,-26.45,3.28,46.75
177,177-ER18,177-ER18-FO,IER180033,190110,Engelmann,23.281,191.135,NA,-26.39,0.73,46.83
178,178-ER18,178-ER18-FO,IER180034,190110,Engelmann,22.667,183.747,NA,-27.32,0.73,46.27
179,179-ER18,179-ER18-FO,IER180035,190110,Engelmann,26.564,182.749,0.64,-26.32,0.83,44.58
180,180-ER18,180-ER18-FO,IER18007L,190110,Meadow,79.86,179.508,2.63,-27.43,2.55,44.65
181,181-ER18,181-ER18-FO,IER180036,190110,Engelmann,NA,NA,NA,NA,NA,NA
182,182-ER18,182-ER18-FO,IER18007M,190110,Meadow,77.906,183.487,4.08,-27.17,2.45,44.95
183,183-ER18,183-ER18-FO,IER180037,190110,Engelmann,25.266,173.707,0.73,-26.13,0.85,45.37
184,184-ER18,184-ER18-FO,IER18000H,190110,Aspen,107.878,204.98,1.2,-24.97,3.46,51.14
185,185-ER18,185-ER18-FO,IER18000I,190110,Aspen,105.915,199.6,0.06,-25.47,3.31,48.57
186,186-ER18,186-ER18-FO,IER18000J,190110,Aspen,113.968,205.547,-0.11,-24.9,3.54,49.76
187,187-ER18,187-ER18-FO,IER180038,190110,Engelmann,25.901,180.745,0.25,-27.22,0.87,47.13
188,188-ER18,188-ER18-FO,IER1800C6,190110,SubFir,34.793,192.47,-0.03,-27.28,1.11,47.85
189,189-ER18,189-ER18-FO,IER1800BL,190110,PenFlo,78.824,175.041,4.04,-27.02,2.52,43.58
190,190-ER18,190-ER18-FO,IER1800B1,190110,planifolia,93.253,190.312,1.11,-26.71,2.89,45.93
191,191-ER18,191-ER18-FO,IER18001C,190110,boothii,112.741,196.43,0.18,-25.36,3.62,49.13
192,192-ER18,192-ER18-FO,IER180027,190110,drumm,100.473,196.09,-0.99,-27.03,3.2,48.68
193,193-ER18,193-ER18-FO,IER1800B2,190110,planifolia,79.334,162.553,-3.72,-25.68,2.47,39.36
194,194-ER18,194-ER18-FO,IER1800B3,190110,planifolia,80.58,170.931,1.77,-27.11,2.52,41.67
195,195-ER18,195-ER18-FO,IER1800B4,190110,planifolia,70.572,169.563,-0.8,-27.05,2.26,42.23
196,196-ER18,196-ER18-FO,IER1800BM,190110,PenFlo,73.662,186.514,-0.56,-26.91,2.31,45.45
197,197-ER18,197-ER18-FO,IER18001D,190110,boothii,106.622,178.672,1.92,-26.14,3.5,45.7
198,198-ER18,198-ER18-FO,IER1800BN,190110,PenFlo,80.416,176.076,-0.13,-26.68,2.5,42.6
199,199-ER18,199-ER18-FO,IER18007N,190206,Meadow,112.723,189.043,-3.44,-26.85,3.46,44.93
200,200-ER18,200-ER18-FO,IER18007O,190206,Meadow,99.447,173.699,-2.03,-26.65,3.34,45.09
201,201-ER18,201-ER18-FO,IER18007P,190206,Meadow,80.488,196.857,-2.11,-26.48,2.59,49.1
202,202-ER18,202-ER18-FO,IER18007Q,190206,Meadow,95.781,179.017,0.06,-26.78,3.03,43.87
203,203-ER18,203-ER18-FO,IER18007R,190206,Meadow,101.559,162.964,1.69,-26.09,3.41,42.33
204,204-ER18,204-ER18-FO,IER18007S,190206,Meadow,90.282,188.33,1.95,-26.65,2.86,46.11
205,205-ER18,205-ER18-FO,IER18007T,190206,Meadow,112.623,187.338,0.6,-25.14,3.54,45.58
206,206-ER18,206-ER18-FO,IER18007U,190206,Meadow,120.037,180.261,-1.26,-25.35,3.8,44.16
207,207-ER18,207-ER18-FO,IER18007V,190206,Meadow,116.639,172.959,-1.28,-26.84,3.71,42.62
208,208-ER18,208-ER18-FO,IER18007W,190206,Meadow,113.389,188.581,-1.36,-26.29,3.52,45.32
209,209-ER18,209-ER18-FO,IER18007X,190206,Meadow,96.112,180.886,-1.91,-24.87,3.09,45.02
210,210-ER18,210-ER18-FO,IER18007Y,190206,Meadow,91.075,180.485,-3.94,-26.6,3.01,46.18
211,211-ER18,211-ER18-FO,IER18007Z,190206,Meadow,103.937,184.622,-1.76,-26.24,3.29,45.23
212,212-ER18,212-ER18-FO,IER180080,190206,Meadow,102.523,189.582,-1.68,-26.1,3.18,45.52
213,213-ER18,213-ER18-FO,IER180081,190206,Meadow,83.808,184.822,2.2,-26.46,2.64,45.01
214,214-ER18,214-ER18-FO,IER180082,190206,Meadow,93.996,186.637,-0.39,-26.21,2.95,45.38
215,215-ER18,215-ER18-FO,IER180083,190206,Meadow,93.749,182.113,-0.92,-26.76,2.89,43.43
216,216-ER18,216-ER18-FO,IER180084,190206,Meadow,119.421,184.992,-0.9,-26.22,3.75,44.89
217,217-ER18,217-ER18-FO,IER180085,190206,Meadow,110.063,187.309,-2.9,-25.55,3.42,45.04
218,218-ER18,218-ER18-FO,IER180086,190206,Meadow,107.286,185.301,-2.06,-25.84,3.29,43.98
219,219-ER18,219-ER18-FO,IER180087,190206,Meadow,94.159,170.592,-1.63,-25.56,3.1,43.47
220,220-ER18,220-ER18-FO,IER180088,190206,Meadow,112.052,183.147,-1.49,-26.16,3.48,44.01
221,221-ER18,221-ER18-FO,IER180089,190619,Meadow,102.071,206.654,0.19,-25.51,3.36,45.19
222,222-ER18,222-ER18-FO,IER18008A,190619,Meadow,89.687,203.935,-0.02,-25.79,2.97,44.88
223,223-ER18,223-ER18-FO,IER18008B,190619,Meadow,109.35,206.72,0.76,-26.08,3.63,45.49
224,224-ER18,224-ER18-FO,IER18008C,190619,Meadow,100.756,203.549,0.21,-25.85,3.37,45.14
225,225-ER18,225-ER18-FO,IER18008D,190619,Meadow,80.723,202.622,0.14,-26.05,2.7,45
226,226-ER18,226-ER18-FO,IER18008E,190619,Meadow,90.925,199.526,0.27,-26.43,3.11,45.32
227,227-ER18,227-ER18-FO,IER18008F,190619,Meadow,100.986,207.494,0.44,-25.54,3.45,47.03
228,228-ER18,228-ER18-FO,IER18008G,190619,Meadow,109.881,204.653,1.48,-25.09,3.68,45.45
229,229-ER18,229-ER18-FO,IER18008H,190619,Meadow,99.028,191.939,-0.76,-25.98,3.44,44.27
230,230-ER18,230-ER18-FO,IER18008I,190619,Meadow,85.833,195.891,-0.4,-25.67,2.93,44.36
231,231-ER18,231-ER18-FO,IER18008J,190619,Meadow,88.545,204.655,0.36,-26.09,2.88,44.17
232,232-ER18,232-ER18-FO,IER18008K,190619,Meadow,97.755,204.238,-0.37,-26.1,3.27,45.34
233,233-ER18,233-ER18-FO,IER18008L,190619,Meadow,88.119,202.131,0.57,-25.66,2.99,45.45
234,234-ER18,234-ER18-FO,IER18008M,190619,Meadow,92.874,200.201,-0.19,-26.34,3.11,44.55
235,235-ER18,235-ER18-FO,IER18008N,190619,Meadow,95.7,202.59,0.02,-26.3,3.27,45.88
236,236-ER18,236-ER18-FO,IER18008O,190619,Meadow,86.97,192.426,0.89,-25.7,3.08,45.26
237,237-ER18,237-ER18-FO,IER18008P,190619,Meadow,115.342,201.847,0.98,-25.75,3.84,44.57
238,238-ER18,238-ER18-FO,IER18008Q,190619,Meadow,133.16,215.602,5.99,-25.85,4.34,46.69
239,239-ER18,239-ER18-FO,IER18004M,190619,Gooseberry,88.555,205.776,0.77,-26.75,3.12,48.19
240,240-ER18,240-ER18-FO,IER18002D,,Elderberry,160.282,204.5985,1.175,-25.715,5.255,47.7
241,241-ER18,241-ER18-FO,IER18004U,190117,LigPor,107.689,179.764,0.4,-25.12,3.29,41.79
242,242-ER18,242-ER18-FO,IER18002E,190117,Elderberry,171.209,196.914,2.15,-26.19,5.52,48.23
243,243-ER18,243-ER18-FO,IER18004L,190117,glauca,91.345,186.92,1.65,-26.91,2.96,45.95
244,244-ER18,244-ER18-FO,IER18001Z,190117,CorCas,196.142,189.939,0.95,-27.05,6.03,44.4
245,245-ER18,245-ER18-FO,IER18001E,190117,boothii,96.692,200.029,2.65,-25.14,2.98,46.82
246,246-ER18,246-ER18-FO,IER18001F,190117,boothii,115.486,196.582,0.88,-25.8,3.66,47.34
247,247-ER18,247-ER18-FO,IER180020,190117,CorCas,187.358,193.379,2.97,-26.33,6.08,47.73
248,248-ER18,248-ER18-FO,IER18001G,190117,boothii,107.405,191.288,1.92,-25.13,3.42,46.34
249,249-ER18,249-ER18-FO,IER18000K,190117,Aspen,105.43,209.111,1.05,-24.95,3.34,50.4
250,250-ER18,250-ER18-FO,IER18000L,190117,Aspen,100.414,201.873,1.36,-25.5,3.09,47.21
251,251-ER18,251-ER18-FO,IER1800C7,190117,SubFir,39.315,199.745,-0.13,-26.1,1.26,48.48
252,252-ER18,252-ER18-FO,IER180039,190117,Engelmann,25.006,202.168,NA,-25.65,0.84,51.43
253,253-ER18,253-ER18-FO,IER1800C8,190117,SubFir,35.213,195.046,0.18,-25.06,1.09,45.77
254,254-ER18,254-ER18-FO,IER1800C9,190117,SubFir,38.147,203.123,0.13,-25.12,1.28,51.7
255,255-ER18,255-ER18-FO,IER18003A,190117,Engelmann,28.313,185.375,NA,-24.94,0.87,43.05
256,256-ER18,256-ER18-FO,IER18000M,190117,Aspen,103.984,217.624,-0.27,-25.95,3.27,51.91
257,257-ER18,257-ER18-FO,IER18003B,190117,Engelmann,23.014,203.124,NA,-24.55,0.73,48.67
258,258-ER18,258-ER18-FO,IER18003C,190117,Engelmann,28.477,192.037,NA,-25.26,0.88,44.81
259,259-ER18,259-ER18-FO,IER18008R,190117,Meadow,108.463,185.692,0.98,-25.6,3.59,46.71
260,260-ER18,260-ER18-FO,IER18008S,190117,Meadow,91.43,161.944,-0.68,-26.08,3.01,40.55
261,261-ER18,261-ER18-FO,IER18008T,190117,Meadow,91.481,178.785,-1.34,-26.16,2.85,42.29
262,262-ER18,262-ER18-FO,IER18008U,190117,Meadow,96.047,185.174,-1.48,-26.25,3.21,46.97
263,263-ER18,263-ER18-FO,IER18008V,190117,Meadow,88.829,174.72,0.45,-25.31,2.74,40.89
264,264-ER18,264-ER18-FO,IER18008W,190118,Meadow,91.916,187.553,-0.48,-26.32,2.86,45.16
265,265-ER18,265-ER18-FO,IER18008X,190118,Meadow,104.735,187.163,1.65,-26.84,3.19,44.13
266,266-ER18,266-ER18-FO,IER18008Y,190118,Meadow,132.508,192.744,-0.64,-26.27,4.35,49
267,267-ER18,267-ER18-FO,IER18008Z,190118,Meadow,98.663,180.336,-0.2,-25.94,3.23,45.63
268,268-ER18,268-ER18-FO,IER180090,190118,Meadow,92.251,177.092,0.58,-26.25,2.77,41.15
269,269-ER18,269-ER18-FO,IER180091,190118,Meadow,135.466,191.027,1.35,-25.79,4.28,46.73
270,270-ER18,270-ER18-FO,IER180092,190118,Meadow,127.737,189.812,0.2,-26.02,3.85,44.24
271,271-ER18,271-ER18-FO,IER180093,190118,Meadow,96.758,196.792,-0.83,-26.55,2.92,45.91
272,272-ER18,272-ER18-FO,IER180094,190118,Meadow,141.86,199.079,1.22,-24.71,4.41,47.89
273,273-ER18,273-ER18-FO,IER180095,190118,Meadow,95.98,186.603,0.77,-25.48,2.92,43.89
274,274-ER18,274-ER18-FO,IER180096,190118,Meadow,141.597,196.718,1.31,-25.08,4.26,45.76
275,275-ER18,275-ER18-FO,IER180097,190118,Meadow,121.808,192.18,1.59,-25.93,3.74,45.6
276,276-ER18,276-ER18-FO,IER180098,190118,Meadow,94.071,192.546,0.93,-25.95,2.97,47.06
277,277-ER18,277-ER18-FO,IER180099,190118,Meadow,97.083,183.42,2.37,-25.98,3.02,44.1
278,278-ER18,278-ER18-FO,IER18009A,190118,Meadow,136.332,187.316,1.84,-24.93,4.17,44.31
279,279-ER18,279-ER18-FO,IER18004N,190118,Gooseberry,121.799,196.204,1.1,-25.58,3.81,47.48
280,280-ER18,280-ER18-FO,IER1800B5,190118,planifolia,127.014,200.788,-0.03,-26.47,4.15,50.78
281,281-ER18,281-ER18-FO,IER1800CU,190118,wolfii,117.987,181.051,-1.28,-26.62,3.63,43.1
282,282-ER18,282-ER18-FO,IER1800CA,190118,SubFir,42.399,190.696,1.14,-26.2,1.34,46.58
283,283-ER18,283-ER18-FO,IER1800B6,190118,planifolia,126.783,194.229,0.56,-26.38,3.85,45.66
284,284-ER18,284-ER18-FO,IER1800CV,190118,wolfii,107.447,196.555,0.15,-26.2,3.39,48.01
285,285-ER18,285-ER18-FO,IER180021,190118,CorCas,186.019,186.284,0.05,-25.37,5.87,45.48
286,286-ER18,286-ER18-FO,IER18002F,190118,Elderberry,193.209,194.701,2.93,-25.52,6.15,47.92
287,287-ER18,287-ER18-FO,IER180022,190118,CorCas,177.681,184.45,3.65,-26.55,5.4,43.38
288,288-ER18,288-ER18-FO,IER180024,190118,DisInv,102.013,206.853,-1.33,-27.18,3.18,49.93
289,289-ER18,289-ER18-FO,IER18003D,190118,Engelmann,31.86,182.908,2.03,-25.7,0.96,42.63
290,290-ER18,290-ER18-FO,IER1800CB,190118,SubFir,37.862,218.389,2.56,-25.32,1.21,54
291,291-ER18,291-ER18-FO,IER18003E,190118,Engelmann,24.222,203.131,NA,-24.93,0.73,47.32
292,292-ER18,292-ER18-FO,IER18003F,190118,Engelmann,35.503,203.891,4.15,-25.34,1.1,49.16
293,293-ER18,293-ER18-FO,IER18003G,190118,Engelmann,33.225,188.283,3.16,-24.67,1.03,45.36
294,294-ER18,294-ER18-FO,IER18003H,190118,Engelmann,29.081,198.456,NA,-24.8,0.88,46.34
295,295-ER18,295-ER18-FO,IER18003I,190118,Engelmann,21.029,201.573,NA,-24.99,0.65,48.03
296,296-ER18,296-ER18-FO,IER18003J,190122,Engelmann,26.964,194.24,NA,-24.73,0.81,46.4
297,297-ER18,297-ER18-FO,IER18003K,190122,Engelmann,24.923,213.844,NA,-24.45,0.75,51.11
298,298-ER18,298-ER18-FO,IER18003L,190122,Engelmann,28.456,206.015,NA,-24.77,0.9,52.26
299,299-ER18,299-ER18-FO,IER180050,190122,Lodgepole,36.001,202.247,NA,-26.66,1.11,49.66
300,300-ER18,300-ER18-FO,IER180051,190122,Lodgepole,35.039,203.254,NA,-27.8,1.11,51.42
301,301-ER18,301-ER18-FO,IER180052,190122,Lodgepole,38.11,204.6,NA,-26.06,1.21,51.71
302,302-ER18,302-ER18-FO,IER18003M,190122,Engelmann,26.896,198.51,NA,-24.92,0.84,49.69
303,303-ER18,303-ER18-FO,IER180053,190122,Lodgepole,32.141,193.422,NA,-26.18,0.99,47.29
304,304-ER18,304-ER18-FO,IER180054,190122,Lodgepole,49.395,202.367,1.11,-26.1,1.58,51.54
305,305-ER18,305-ER18-FO,IER180055,190122,Lodgepole,39.491,193.915,NA,-27.24,1.22,47.72
306,306-ER18,306-ER18-FO,IER18000N,190122,Aspen,75.334,195.59,2.83,-27.23,2.38,49.07
307,307-ER18,307-ER18-FO,IER18003N,190122,Engelmann,19.721,189.696,NA,-28.94,0.63,48.41
308,308-ER18,308-ER18-FO,IER18000O,190122,Aspen,71.859,183.877,NA,-25.67,2.17,44.04
309,309-ER18,309-ER18-FO,IER1800CW,190122,wolfii,101.773,195.961,NA,-27.07,3.07,47.02
310,310-ER18,310-ER18-FO,IER18001T,190122,brachy,96.121,195.39,NA,-26.07,3.15,50.84
311,311-ER18,311-ER18-FO,IER1800CK,190122,Willow,71.48,177.154,NA,-26.61,2.23,43.92
312,312-ER18,312-ER18-FO,IER1800BO,190122,PenFlo,81.837,188.037,NA,-26.91,2.57,46.93
313,313-ER18,313-ER18-FO,IER18001H,190122,boothii,86.776,208.875,NA,-27.2,2.71,51.85
314,314-ER18,314-ER18-FO,IER1800CX,190122,wolfii,76.148,181.838,NA,-27.39,2.34,44.44
315,315-ER18,315-ER18-FO,IER1800CY,190122,wolfii,97.011,196.307,NA,-25.99,2.96,47.63
316,316-ER18,316-ER18-FO,IER1800CL,190122,Willow,82.783,190.728,NA,-26.91,2.71,49.62
317,317-ER18,317-ER18-FO,IER1800CM,190122,Willow,80.989,176.53,NA,-27.07,2.57,44.56
318,318-ER18,318-ER18-FO,IER1800CZ,190122,wolfii,92.798,186.489,NA,-26.88,2.93,46.76
319,319-ER18,319-ER18-FO,IER18003O,190122,Engelmann,40.959,182.849,NA,-26.98,1.3,46.33
320,320-ER18,320-ER18-FO,IER18003P,190122,Engelmann,37.442,184.925,NA,-25.68,1.12,44.08
321,321-ER18,321-ER18-FO,IER18000P,190122,Aspen,90.022,219.003,NA,-25.77,2.78,53.69
322,322-ER18,322-ER18-FO,IER18000Q,190122,Aspen,92.052,202.633,NA,-25.27,2.81,49.15
323,323-ER18,323-ER18-FO,IER18003Q,190122,Engelmann,20.332,189.17,NA,-26.17,0.65,48.48
324,324-ER18,324-ER18-FO,IER1800CC,190122,SubFir,32.502,200.506,NA,-25.17,0.99,48.68
325,325-ER18,325-ER18-FO,IER1800CD,190122,SubFir,33.48,207.183,NA,-26.9,1.06,52.24
326,326-ER18,326-ER18-FO,IER18000R,190122,Aspen,88.259,195.708,NA,-25.97,2.8,49.25
327,327-ER18,327-ER18-FO,IER18000S,190122,Aspen,81.176,184.757,NA,-26.78,2.55,46.11
328,328-ER18,328-ER18-FO,IER18003R,190123,Engelmann,NA,NA,NA,NA,NA,NA
329,329-ER18,329-ER18-FO,IER1800CE,190619,SubFir,44.738,230.478,0.88,-25.8,1.49,50.86
330,330-ER18,330-ER18-FO,IER18003S,190619,Engelmann,30.411,210.477,-0.23,-25.46,1.03,47.07
331,331-ER18,331-ER18-FO,IER1800CF,190619,SubFir,31.528,226.574,0.24,-26.14,1.1,52.35
332,332-ER18,332-ER18-FO,IER18000T,190619,Aspen,77.302,206.534,0.44,-25.63,2.63,46.65
333,333-ER18,333-ER18-FO,IER18003T,190619,Engelmann,23.281,212.964,-0.8,-25.81,0.8,48.49
334,334-ER18,334-ER18-FO,IER18009B,190619,Meadow,99.117,214.427,-1.09,-27.01,3.25,46.68
335,335-ER18,335-ER18-FO,IER18009C,190619,Meadow,76.599,209.277,1.69,-27.76,2.53,45.87
336,336-ER18,336-ER18-FO,IER18009D,190619,Meadow,89.619,216.356,0.74,-26.07,2.98,47.79
337,337-ER18,337-ER18-FO,IER18009E,190619,Meadow,85.472,202.894,-1.38,-26.88,2.93,46.15
338,338-ER18,338-ER18-FO,IER18009F,190619,Meadow,78.987,201.781,0.83,-25.69,2.59,43.91
339,339-ER18,339-ER18-FO,IER18009G,190619,Meadow,84.453,215.961,-1.18,-26.48,2.76,46.88
340,340-ER18,340-ER18-FO,IER18009H,190619,Meadow,82.147,183.147,1.79,-26.06,2.94,43.48
341,341-ER18,341-ER18-FO,IER18009I,190620,Meadow,97.322,213.692,-0.68,-25.5,3.32,47.05
342,342-ER18,342-ER18-FO,IER18009J,190620,Meadow,88.713,199.868,1.56,-26.43,3.12,45.27
343,343-ER18,343-ER18-FO,IER18009K,190620,Meadow,77.814,216.152,-0.03,-27.82,2.65,47.42
344,344-ER18,344-ER18-FO,IER18009L,190620,Meadow,74.739,208.529,0.24,-25.57,2.56,46.03
345,345-ER18,345-ER18-FO,IER18009M,190620,Meadow,79.093,198.445,0.03,-26.55,2.71,43.81
346,346-ER18,346-ER18-FO,IER18009N,190620,Meadow,103.306,207.854,0.15,-26.05,3.54,45.92
347,347-ER18,347-ER18-FO,IER18009O,190620,Meadow,65.856,222.411,-0.36,-28.09,2.23,48.46
348,348-ER18,348-ER18-FO,IER18009P,190620,Meadow,81.328,203.626,1.57,-25.67,2.78,44.84
349,349-ER18,349-ER18-FO,IER18009Q,190620,Meadow,74.698,199.888,1.7,-25.47,2.57,44.41
350,350-ER18,350-ER18-FO,IER18009R,190620,Meadow,85.431,208.7,-0.27,-27.84,2.91,45.86
351,351-ER18,351-ER18-FO,IER18003U,190620,Engelmann,23.652,205.951,-1.24,-25.56,0.84,46.79
352,352-ER18,352-ER18-FO,IER18003V,190620,Engelmann,21.021,226.646,-1.18,-25.36,0.72,49.91
353,353-ER18,353-ER18-FO,IER18003W,190620,Engelmann,32.143,227.871,-0.63,-24.52,1.08,49.08
354,354-ER18,354-ER18-FO,IER1800BZ,190620,Snowberry,82.856,219.216,1.45,-26.67,2.89,49.29
355,355-ER18,355-ER18-FO,IER1800C0,190620,Snowberry,71.831,214.642,0.5,-26.49,2.55,49
356,356-ER18,356-ER18-FO,IER1800C1,190620,Snowberry,80.271,217.74,0.41,-25.11,2.81,49.18
357,357-ER18,357-ER18-FO,IER1800BP,190620,PenFlo,62.177,203.523,1.01,-25.33,2.23,47.06
358,358-ER18,358-ER18-FO,IER18002G,190620,Elderberry,96.138,209.048,2.37,-25.71,3.39,47.53
359,359-ER18,359-ER18-FO,IER18004S,190620,Juniper,31.999,238.23,-0.14,-24.62,1.1,52.61
360,360-ER18,360-ER18-FO,IER1800C2,190125,Snowberry,66.148,215.548,0.75,-26.01,2.35,49.26
361,361-ER18,361-ER18-FO,IER18001I,190125,boothii,98.152,199.346,0.87,-27.24,3.04,48.48
362,362-ER18,362-ER18-FO,IER18002H,190125,Elderberry,179.001,197.065,1.02,-23.91,5.69,49.19
363,363-ER18,363-ER18-FO,IER18001J,190125,boothii,94.573,192.795,-0.34,-27.28,2.93,46.89
364,364-ER18,364-ER18-FO,IER18009S,190125,Meadow,130.34,186.17,0.96,-26.87,3.99,44.82
365,365-ER18,365-ER18-FO,IER18009T,190125,Meadow,79.31,184.429,-1.56,-27.19,2.54,46.51
366,366-ER18,366-ER18-FO,IER18009U,190125,Meadow,100.814,180.419,-0.49,-27.51,3.16,44.43
367,367-ER18,367-ER18-FO,IER18009V,190125,Meadow,85.632,182.115,-0.05,-28.16,2.79,46.57
368,368-ER18,368-ER18-FO,IER18009W,190125,Meadow,100.239,179.959,0.19,-27.39,3.14,44.34
369,369-ER18,369-ER18-FO,IER18009X,190125,Meadow,59.973,180.471,-1.02,-27.74,1.91,45.23
370,370-ER18,370-ER18-FO,IER18009Y,190125,Meadow,105.451,176.543,0.75,-26.41,3.41,44.89
371,371-ER18,371-ER18-FO,IER18009Z,190125,Meadow,125.53,173.697,-0.29,-26.69,3.82,41.54
372,372-ER18,372-ER18-FO,IER1800A0,190125,Meadow,91.407,193.751,-0.17,-27.02,2.9,48.24
373,373-ER18,373-ER18-FO,IER1800A1,190125,Meadow,104.288,183.936,1.85,-26.94,3.29,45.59
374,374-ER18,374-ER18-FO,IER1800A2,190125,Meadow,109.738,177.9,2.34,-26.73,3.59,45.75
375,375-ER18,375-ER18-FO,IER1800A3,190125,Meadow,78.838,173.824,-3.31,-26.16,2.47,42.79
376,376-ER18,376-ER18-FO,IER1800A4,190125,Meadow,93.281,185.231,-0.25,-25.89,2.8,43.66
377,377-ER18,377-ER18-FO,IER1800A5,190125,Meadow,107.742,189.57,0.74,-25.41,3.44,47.56
378,378-ER18,378-ER18-FO,IER1800A6,190125,Meadow,101.326,174.002,-0.1,-25.71,3.22,43.46
379,379-ER18,379-ER18-FO,IER1800A7,190125,Meadow,110.718,173.022,0.29,-25.79,3.34,41.02
380,380-ER18,380-ER18-FO,IER1800A8,190125,Meadow,87.832,182.057,-0.41,-25.92,2.66,43.39
381,381-ER18,381-ER18-FO,IER1800A9,190125,Meadow,155.073,179.87,0.01,-25.82,4.9,44.61
382,382-ER18,382-ER18-FO,IER1800AA,190125,Meadow,122.703,176.444,0.31,-24.47,3.7,41.79
383,383-ER18,383-ER18-FO,IER1800AB,190125,Meadow,143.914,185.538,-0.8,-25.3,4.67,47.29
384,384-ER18,384-ER18-FO,IER1800B7,190125,planifolia,144.752,192.989,0.67,-25.71,4.41,46.24
385,385-ER18,385-ER18-FO,IER1800D0,190125,wolfii,131.397,203.816,-0.58,-26.69,4.22,51.39
386,386-ER18,386-ER18-FO,IER18004O,190125,Gooseberry,98.365,188.111,2.61,-27.43,3.02,45.46
387,387-ER18,387-ER18-FO,IER1800BQ,190125,PenFlo,96.362,185.283,1.04,-26.87,2.95,44.54
388,388-ER18,388-ER18-FO,IER18001K,190125,boothii,131.162,195.221,0.65,-25.22,3.99,46.63
389,389-ER18,389-ER18-FO,IER1800B8,190125,planifolia,134.514,177.672,-1.7,-26.35,4.14,42.96
390,390-ER18,390-ER18-FO,IER1800D1,190125,wolfii,131.068,197.289,-1.28,-26.38,4.01,47.43
391,391-ER18,391-ER18-FO,IER1800D2,190125,wolfii,133.977,189.478,0.15,-25.61,4.36,48.45
392,392-ER18,392-ER18-FO,IER1800D3,190128,wolfii,128.691,186.165,-1.14,-25.56,4.13,47.63
393,393-ER18,393-ER18-FO,IER1800D4,190128,wolfii,118.902,184.206,-2.95,-26.76,3.73,46.1
394,394-ER18,394-ER18-FO,IER18003X,190128,Engelmann,26.781,186.628,-0.43,-25.27,0.84,46.36
395,395-ER18,395-ER18-FO,IER18003Y,190128,Engelmann,22.102,184.593,0.44,-25.58,0.7,46.73
396,396-ER18,396-ER18-FO,IER18003Z,190128,Engelmann,24.934,181.319,0.21,-24.33,0.83,47.96
397,397-ER18,397-ER18-FO,IER1800CG,190128,SubFir,25.517,172.986,0.37,-26.14,0.84,45.47
398,398-ER18,398-ER18-FO,IER180040,190128,Engelmann,21.617,166.136,-1.79,-25.44,0.7,42.94
399,399-ER18,399-ER18-FO,IER180041,190128,Engelmann,21.345,176.778,-2.32,-24.85,0.65,42.49
400,400-ER18,400-ER18-FO,IER180042,190128,Engelmann,23.206,189.04,-2.77,-26.67,0.75,48.79
401,401-ER18,401-ER18-FO,IER1800CH,190128,SubFir,30.419,181.165,-1.83,-25.68,0.92,43.71
402,402-ER18,402-ER18-FO,IER180043,190128,Engelmann,24.561,184.666,-1.97,-25.88,0.78,46.65
403,403-ER18,403-ER18-FO,IER180044,190128,Engelmann,25.518,177.773,-3.73,-25.15,0.78,43.18
404,404-ER18,404-ER18-FO,IER1800AC,190128,Meadow,101.341,184.364,0.56,-26.62,3.18,46.14
405,405-ER18,405-ER18-FO,IER1800AD,190128,Meadow,107.444,176.876,0.26,-26.57,3.47,45.59
406,406-ER18,406-ER18-FO,IER1800AE,190128,Meadow,119.943,162.968,-0.39,-26.5,3.69,39.94
407,407-ER18,407-ER18-FO,IER1800AF,190128,Meadow,115.378,179.47,0.23,-26.06,3.55,44.06
408,408-ER18,408-ER18-FO,IER1800AG,190128,Meadow,103.827,170.45,1.37,-26.5,3.17,41.43
409,409-ER18,409-ER18-FO,IER1800AH,190128,Meadow,96.181,174.441,0.12,-25.93,3.02,43.64
410,410-ER18,410-ER18-FO,IER1800AI,190128,Meadow,113.043,177.319,0.46,-25.97,3.49,43.68
411,411-ER18,411-ER18-FO,IER1800AJ,190128,Meadow,105.668,178.874,0.06,-26.69,3.18,42.93
412,412-ER18,412-ER18-FO,IER1800AK,190128,Meadow,106.158,177.92,0.25,-26.44,3.29,43.9
413,413-ER18,413-ER18-FO,IER1800AL,190128,Meadow,76.121,178.129,0.03,-27.17,2.3,42.81
414,414-ER18,414-ER18-FO,IER1800AM,190128,Meadow,86.224,180.764,-0.54,-26.78,2.72,45.51
415,415-ER18,415-ER18-FO,IER1800AN,190128,Meadow,87.765,163.568,-0.48,-27.13,2.86,42.54
416,416-ER18,416-ER18-FO,IER1800AO,190128,Meadow,85.291,170.452,-0.43,-27.03,2.59,41.23
417,417-ER18,417-ER18-FO,IER1800AP,190128,Meadow,101.04,180.11,0.02,-26.68,3.14,44.54
418,418-ER18,418-ER18-FO,IER1800AQ,190128,Meadow,100.59,179.808,2.04,-24.75,3.25,46.34
419,419-ER18,419-ER18-FO,IER1800AR,190128,Meadow,102.206,175.962,2.2,-24.56,3.2,43.91
420,420-ER18,420-ER18-FO,IER1800AS,190128,Meadow,75.862,173.074,0.93,-26.43,2.29,41.7
421,421-ER18,421-ER18-FO,IER1800AT,190128,Meadow,75.998,181.144,-0.12,-27.05,2.39,45.47
422,422-ER18,422-ER18-FO,IER1800AU,190128,Meadow,98.985,176.74,0.8,-26.86,3.09,43.95
423,423-ER18,423-ER18-FO,IER1800AV,190128,Meadow,80.187,175.099,-0.48,-26.62,2.52,43.85
424,424-ER18,424-ER18-FO,IER1800BR,190129,PenFlo,94.289,188.378,0.18,-25.9,2.9,45.17
425,425-ER18,425-ER18-FO,IER1800B9,190129,planifolia,110.288,195.636,-0.11,-27.28,3.4,47.07
426,426-ER18,426-ER18-FO,IER18001L,190129,boothii,128.012,202.172,-0.88,-27.57,3.98,48.97
427,427-ER18,427-ER18-FO,IER18004P,190129,Gooseberry,89.51,194.105,1.11,-26.66,2.99,50.5
428,428-ER18,428-ER18-FO,IER1800BS,190129,Raspberry,87.575,171.457,-0.49,-27.31,2.84,43.28
429,429-ER18,429-ER18-FO,IER18004T,190129,Juniper,60.256,182.862,0.38,-24.25,1.87,44.23
430,430-ER18,430-ER18-FO,IER1800C3,190129,SorSco,106.275,189.377,-0.44,-25.59,3.33,46.32
431,431-ER18,431-ER18-FO,IER18001M,190129,boothii,91.211,181.944,-0.98,-26.05,3.06,47.56
432,432-ER18,432-ER18-FO,IER180025,190129,DisInv,80.044,174.631,-2.66,-26.65,2.47,42.02
433,433-ER18,433-ER18-FO,IER18004Q,190129,Gooseberry,109.178,191.671,1.02,-26.56,3.45,47.16
434,434-ER18,434-ER18-FO,IER180045,190129,Engelmann,26.022,180.161,1.17,-24.66,0.83,44.48
435,435-ER18,435-ER18-FO,IER1800CI,190129,SubFir,34.653,192.449,0.44,-24.69,1.07,46.46
436,436-ER18,436-ER18-FO,IER18000U,190129,Aspen,90.626,201.725,3.17,-26.21,2.8,48.65
437,437-ER18,437-ER18-FO,IER180046,190129,Engelmann,28.456,176.644,-0.36,-25.78,0.92,44.2
438,438-ER18,438-ER18-FO,IER180047,190129,Engelmann,29.254,186.575,-2.1,-24.7,0.93,45.93
439,439-ER18,439-ER18-FO,IER1800BA,190129,planifolia,73.973,193.963,-2.23,-28.06,2.29,46.85
440,440-ER18,440-ER18-FO,IER180001,190129,Alder,99.597,205.535,-0.98,-28.28,3.11,49.98
441,441-ER18,441-ER18-FO,IER18001N,190129,boothii,89.215,188.481,-0.8,-26.72,2.76,45.41
442,442-ER18,442-ER18-FO,IER18004A,190129,geyer,85.065,197.143,-0.68,-26.69,2.65,47.77
443,443-ER18,443-ER18-FO,IER18004B,190129,geyer,83.185,187.555,-1.55,-26.52,2.74,48.12
444,444-ER18,444-ER18-FO,IER1800D5,190129,wolfii,76.272,168.875,1.1,-26.33,2.36,40.67
445,445-ER18,445-ER18-FO,IER1800D6,190129,wolfii,77.539,184.316,0.16,-27.1,2.46,45.51
446,446-ER18,446-ER18-FO,IER1800D7,190129,wolfii,83.19,185.765,0.01,-26.63,2.67,46.46
447,447-ER18,447-ER18-FO,IER1800BB,190129,planifolia,83.468,179.02,-2.24,-28.28,2.6,43.51
448,448-ER18,448-ER18-FO,IER1800BC,190129,planifolia,92.943,192.878,-0.17,-27.25,2.96,47.93
449,449-ER18,449-ER18-FO,IER18001X,190129,CarSp,76.129,183.898,4.27,-26.37,2.37,44.59
450,450-ER18,450-ER18-FO,IER1800BD,NA,planifolia,NA,NA,NA,NA,NA,NA
451,451-ER18,451-ER18-FO,IER1800BE,190129,planifolia,79.119,181.353,-4.57,-27.09,2.59,46.29
452,452-ER18,452-ER18-FO,IER18001U,190129,CalStr,78.865,182.487,-0.39,-26.38,2.51,45.23
453,453-ER18,453-ER18-FO,IER18001V,190129,CarAqu,95.209,185.481,-0.11,-27.58,3.09,46.86
454,454-ER18,454-ER18-FO,IER18004C,190129,geyer,85.697,181.193,2.65,-26.65,2.77,45.57
455,455-ER18,455-ER18-FO,IER18004D,190129,geyer,85.357,194.456,0.91,-27.72,2.64,46.87
456,456-ER18,456-ER18-FO,IER18004E,190131,geyer,101.67,187.981,3.75,-27.26,3.46,49.67
457,457-ER18,457-ER18-FO,IER1800AW,190131,,NA,NA,NA,NA,NA,NA
458,458-ER18,458-ER18-FO,IER18004F,190131,geyer,92.115,185.268,1.73,-27.46,3.1,48.32
459,459-ER18,459-ER18-FO,IER18004G,190131,geyer,109.49,194.379,1.54,-28.1,3.48,47.9
460,460-ER18,460-ER18-FO,IER180028,190131,drumm,98.151,182.712,0.78,-26.81,3.22,46.55
461,461-ER18,461-ER18-FO,IER18000V,190131,Bog Birch,110.1,198.535,-3.29,-26.94,3.63,50.78
462,462-ER18,462-ER18-FO,IER180048,190131,Engelmann,25.472,177.041,-3.08,-24.37,0.86,46.32
463,463-ER18,463-ER18-FO,IER1800D8,190131,wolfii,66.608,189.823,-0.51,-27.1,2.12,46.96
464,464-ER18,464-ER18-FO,IER18001Y,190131,CarUrt,63.266,179.26,2.83,-25.92,2.1,46.16
465,465-ER18,465-ER18-FO,IER18004H,190131,geyer,107.831,188.787,0.42,-27.36,3.47,47.1
466,466-ER18,466-ER18-FO,IER180029,190131,drumm,97.627,183.917,-0.56,-28.26,3.08,44.99
467,467-ER18,467-ER18-FO,IER18002A,190131,drumm,80.018,179.536,-0.68,-28.53,2.53,44.03
468,468-ER18,468-ER18-FO,IER18001W,190131,CarLen,64.039,180.313,2.07,-26.51,2.08,45.5
469,469-ER18,469-ER18-FO,IER18001O,190131,boothii,79.873,187.127,4.1,-27.02,2.49,45.21
470,470-ER18,470-ER18-FO,IER1800D9,190131,wolfii,68.735,185.662,0.25,-26.36,2.16,45.31
471,471-ER18,471-ER18-FO,IER18001P,190131,boothii,91.087,183.042,2.47,-26.86,2.88,44.91
472,472-ER18,472-ER18-FO,IER18004I,190131,geyer,103.517,183.05,3.6,-27.11,3.29,45.13
474,474-ER18,474-ER18-FO,IER180056,190131,Lodgepole,40.699,207.244,-2.04,-25.63,1.3,51.47
475,475-ER18,475-ER18-FO,IER180057,190131,Lodgepole,39.039,189.164,0.01,-25.81,1.26,47.33
476,476-ER18,476-ER18-FO,IER180058,190131,Lodgepole,39.974,202.183,-0.59,-27.16,1.3,50.81
477,477-ER18,477-ER18-FO,IER180049,190131,Engelmann,26.71,181.372,-3.33,-26.21,0.86,44.96
478,478-ER18,478-ER18-FO,IER180059,190131,Lodgepole,33.496,185.824,-3.27,-26.69,1.09,46.89